message;severity;node;stamp;location
"Oh no! I hit the wall! (Clamping from [x=4.289895, y=-0.028416])";"30";"turtlesim1.sim1";"1758887926.407383570";"/home/nurshat/ros2_ws/src/ros_tutorials/turtlesim/src/turtle.cpp:update:288"
"Oh no! I hit the wall! (Clamping from [x=4.283224, y=-0.031297])";"30";"turtlesim1.sim1";"1758887926.423098670";"/home/nurshat/ros2_ws/src/ros_tutorials/turtlesim/src/turtle.cpp:update:288"
"Oh no! I hit the wall! (Clamping from [x=4.289895, y=-0.028416])";"30";"turtlesim2.sim2";"1758887926.423698264";"/home/nurshat/ros2_ws/src/ros_tutorials/turtlesim/src/turtle.cpp:update:288"
"Oh no! I hit the wall! (Clamping from [x=4.283224, y=-0.031297])";"30";"turtlesim2.sim2";"1758887926.439277752";"/home/nurshat/ros2_ws/src/ros_tutorials/turtlesim/src/turtle.cpp:update:288"
"Oh no! I hit the wall! (Clamping from [x=4.289895, y=-0.028416])";"30";"turtlesim3.sim3";"1758887926.439277806";"/home/nurshat/ros2_ws/src/ros_tutorials/turtlesim/src/turtle.cpp:update:288"
"Oh no! I hit the wall! (Clamping from [x=4.276552, y=-0.031297])";"30";"turtlesim1.sim1";"1758887926.439318512";"/home/nurshat/ros2_ws/src/ros_tutorials/turtlesim/src/turtle.cpp:update:288"
"Oh no! I hit the wall! (Clamping from [x=4.276552, y=-0.031297])";"30";"turtlesim2.sim2";"1758887926.455713151";"/home/nurshat/ros2_ws/src/ros_tutorials/turtlesim/src/turtle.cpp:update:288"
"Oh no! I hit the wall! (Clamping from [x=4.283224, y=-0.031297])";"30";"turtlesim3.sim3";"1758887926.455713195";"/home/nurshat/ros2_ws/src/ros_tutorials/turtlesim/src/turtle.cpp:update:288"
"Oh no! I hit the wall! (Clamping from [x=4.269881, y=-0.031297])";"30";"turtlesim1.sim1";"1758887926.455754836";"/home/nurshat/ros2_ws/src/ros_tutorials/turtlesim/src/turtle.cpp:update:288"
"Oh no! I hit the wall! (Clamping from [x=4.269881, y=-0.031297])";"30";"turtlesim2.sim2";"1758887926.471558146";"/home/nurshat/ros2_ws/src/ros_tutorials/turtlesim/src/turtle.cpp:update:288"
"Oh no! I hit the wall! (Clamping from [x=4.276552, y=-0.031297])";"30";"turtlesim3.sim3";"1758887926.471829307";"/home/nurshat/ros2_ws/src/ros_tutorials/turtlesim/src/turtle.cpp:update:288"
"Oh no! I hit the wall! (Clamping from [x=4.263210, y=-0.031297])";"30";"turtlesim1.sim1";"1758887926.471912941";"/home/nurshat/ros2_ws/src/ros_tutorials/turtlesim/src/turtle.cpp:update:288"
"Oh no! I hit the wall! (Clamping from [x=4.263210, y=-0.031297])";"30";"turtlesim2.sim2";"1758887926.487066846";"/home/nurshat/ros2_ws/src/ros_tutorials/turtlesim/src/turtle.cpp:update:288"
"Oh no! I hit the wall! (Clamping from [x=4.269881, y=-0.031297])";"30";"turtlesim3.sim3";"1758887926.487359616";"/home/nurshat/ros2_ws/src/ros_tutorials/turtlesim/src/turtle.cpp:update:288"
"Oh no! I hit the wall! (Clamping from [x=4.256538, y=-0.031297])";"30";"turtlesim1.sim1";"1758887926.487380451";"/home/nurshat/ros2_ws/src/ros_tutorials/turtlesim/src/turtle.cpp:update:288"
"Oh no! I hit the wall! (Clamping from [x=4.256538, y=-0.031297])";"30";"turtlesim2.sim2";"1758887926.502760855";"/home/nurshat/ros2_ws/src/ros_tutorials/turtlesim/src/turtle.cpp:update:288"
"Oh no! I hit the wall! (Clamping from [x=4.249867, y=-0.031297])";"30";"turtlesim1.sim1";"1758887926.503082311";"/home/nurshat/ros2_ws/src/ros_tutorials/turtlesim/src/turtle.cpp:update:288"
"Oh no! I hit the wall! (Clamping from [x=4.263210, y=-0.031297])";"30";"turtlesim3.sim3";"1758887926.504003656";"/home/nurshat/ros2_ws/src/ros_tutorials/turtlesim/src/turtle.cpp:update:288"
"Oh no! I hit the wall! (Clamping from [x=4.249867, y=-0.031297])";"30";"turtlesim2.sim2";"1758887926.519000729";"/home/nurshat/ros2_ws/src/ros_tutorials/turtlesim/src/turtle.cpp:update:288"
"Oh no! I hit the wall! (Clamping from [x=4.256538, y=-0.031297])";"30";"turtlesim3.sim3";"1758887926.519253518";"/home/nurshat/ros2_ws/src/ros_tutorials/turtlesim/src/turtle.cpp:update:288"
"Oh no! I hit the wall! (Clamping from [x=4.243196, y=-0.031297])";"30";"turtlesim1.sim1";"1758887926.519472880";"/home/nurshat/ros2_ws/src/ros_tutorials/turtlesim/src/turtle.cpp:update:288"
"Oh no! I hit the wall! (Clamping from [x=4.243196, y=-0.031297])";"30";"turtlesim2.sim2";"1758887926.534539564";"/home/nurshat/ros2_ws/src/ros_tutorials/turtlesim/src/turtle.cpp:update:288"
"Oh no! I hit the wall! (Clamping from [x=4.249867, y=-0.031297])";"30";"turtlesim3.sim3";"1758887926.534639187";"/home/nurshat/ros2_ws/src/ros_tutorials/turtlesim/src/turtle.cpp:update:288"
"Oh no! I hit the wall! (Clamping from [x=4.236525, y=-0.031297])";"30";"turtlesim1.sim1";"1758887926.534803863";"/home/nurshat/ros2_ws/src/ros_tutorials/turtlesim/src/turtle.cpp:update:288"
"Oh no! I hit the wall! (Clamping from [x=4.236525, y=-0.031297])";"30";"turtlesim2.sim2";"1758887926.550804785";"/home/nurshat/ros2_ws/src/ros_tutorials/turtlesim/src/turtle.cpp:update:288"
"Oh no! I hit the wall! (Clamping from [x=4.243196, y=-0.031297])";"30";"turtlesim3.sim3";"1758887926.550804886";"/home/nurshat/ros2_ws/src/ros_tutorials/turtlesim/src/turtle.cpp:update:288"
"Oh no! I hit the wall! (Clamping from [x=4.229853, y=-0.031297])";"30";"turtlesim1.sim1";"1758887926.551286085";"/home/nurshat/ros2_ws/src/ros_tutorials/turtlesim/src/turtle.cpp:update:288"
"Oh no! I hit the wall! (Clamping from [x=4.229853, y=-0.031297])";"30";"turtlesim2.sim2";"1758887926.567252622";"/home/nurshat/ros2_ws/src/ros_tutorials/turtlesim/src/turtle.cpp:update:288"
"Oh no! I hit the wall! (Clamping from [x=4.223182, y=-0.031297])";"30";"turtlesim1.sim1";"1758887926.567770275";"/home/nurshat/ros2_ws/src/ros_tutorials/turtlesim/src/turtle.cpp:update:288"
"Oh no! I hit the wall! (Clamping from [x=4.216511, y=-0.031297])";"30";"turtlesim1.sim1";"1758887926.582684826";"/home/nurshat/ros2_ws/src/ros_tutorials/turtlesim/src/turtle.cpp:update:288"
"Oh no! I hit the wall! (Clamping from [x=4.229853, y=-0.031297])";"30";"turtlesim3.sim3";"1758887926.583411933";"/home/nurshat/ros2_ws/src/ros_tutorials/turtlesim/src/turtle.cpp:update:288"
"Oh no! I hit the wall! (Clamping from [x=4.223182, y=-0.031297])";"30";"turtlesim2.sim2";"1758887926.583420139";"/home/nurshat/ros2_ws/src/ros_tutorials/turtlesim/src/turtle.cpp:update:288"
"Oh no! I hit the wall! (Clamping from [x=4.216511, y=-0.031297])";"30";"turtlesim2.sim2";"1758887926.599030703";"/home/nurshat/ros2_ws/src/ros_tutorials/turtlesim/src/turtle.cpp:update:288"
"Oh no! I hit the wall! (Clamping from [x=4.223182, y=-0.031297])";"30";"turtlesim3.sim3";"1758887926.599047593";"/home/nurshat/ros2_ws/src/ros_tutorials/turtlesim/src/turtle.cpp:update:288"
"Oh no! I hit the wall! (Clamping from [x=4.209839, y=-0.031297])";"30";"turtlesim1.sim1";"1758887926.599056846";"/home/nurshat/ros2_ws/src/ros_tutorials/turtlesim/src/turtle.cpp:update:288"
"Oh no! I hit the wall! (Clamping from [x=4.209839, y=-0.031297])";"30";"turtlesim2.sim2";"1758887926.614696537";"/home/nurshat/ros2_ws/src/ros_tutorials/turtlesim/src/turtle.cpp:update:288"
"Oh no! I hit the wall! (Clamping from [x=4.216511, y=-0.031297])";"30";"turtlesim3.sim3";"1758887926.615425263";"/home/nurshat/ros2_ws/src/ros_tutorials/turtlesim/src/turtle.cpp:update:288"
"Oh no! I hit the wall! (Clamping from [x=4.203168, y=-0.031297])";"30";"turtlesim1.sim1";"1758887926.615638230";"/home/nurshat/ros2_ws/src/ros_tutorials/turtlesim/src/turtle.cpp:update:288"
"Oh no! I hit the wall! (Clamping from [x=4.209839, y=-0.031297])";"30";"turtlesim3.sim3";"1758887926.630624466";"/home/nurshat/ros2_ws/src/ros_tutorials/turtlesim/src/turtle.cpp:update:288"
"Oh no! I hit the wall! (Clamping from [x=4.203168, y=-0.031297])";"30";"turtlesim2.sim2";"1758887926.631102006";"/home/nurshat/ros2_ws/src/ros_tutorials/turtlesim/src/turtle.cpp:update:288"
"Oh no! I hit the wall! (Clamping from [x=4.196497, y=-0.031297])";"30";"turtlesim1.sim1";"1758887926.631211942";"/home/nurshat/ros2_ws/src/ros_tutorials/turtlesim/src/turtle.cpp:update:288"
"Oh no! I hit the wall! (Clamping from [x=4.189825, y=-0.031297])";"30";"turtlesim1.sim1";"1758887926.647008750";"/home/nurshat/ros2_ws/src/ros_tutorials/turtlesim/src/turtle.cpp:update:288"
"Oh no! I hit the wall! (Clamping from [x=4.203168, y=-0.031297])";"30";"turtlesim3.sim3";"1758887926.647133133";"/home/nurshat/ros2_ws/src/ros_tutorials/turtlesim/src/turtle.cpp:update:288"
"Oh no! I hit the wall! (Clamping from [x=4.196497, y=-0.031297])";"30";"turtlesim2.sim2";"1758887926.648193593";"/home/nurshat/ros2_ws/src/ros_tutorials/turtlesim/src/turtle.cpp:update:288"
"Oh no! I hit the wall! (Clamping from [x=4.189825, y=-0.031297])";"30";"turtlesim2.sim2";"1758887926.662586765";"/home/nurshat/ros2_ws/src/ros_tutorials/turtlesim/src/turtle.cpp:update:288"
"Oh no! I hit the wall! (Clamping from [x=4.196497, y=-0.031297])";"30";"turtlesim3.sim3";"1758887926.663302206";"/home/nurshat/ros2_ws/src/ros_tutorials/turtlesim/src/turtle.cpp:update:288"
"Oh no! I hit the wall! (Clamping from [x=4.183154, y=-0.031297])";"30";"turtlesim1.sim1";"1758887926.663613888";"/home/nurshat/ros2_ws/src/ros_tutorials/turtlesim/src/turtle.cpp:update:288"
"Oh no! I hit the wall! (Clamping from [x=4.183154, y=-0.031297])";"30";"turtlesim2.sim2";"1758887926.678793756";"/home/nurshat/ros2_ws/src/ros_tutorials/turtlesim/src/turtle.cpp:update:288"
"Oh no! I hit the wall! (Clamping from [x=4.176483, y=-0.031297])";"30";"turtlesim1.sim1";"1758887926.678826983";"/home/nurshat/ros2_ws/src/ros_tutorials/turtlesim/src/turtle.cpp:update:288"
"Oh no! I hit the wall! (Clamping from [x=4.189825, y=-0.031297])";"30";"turtlesim3.sim3";"1758887926.678893604";"/home/nurshat/ros2_ws/src/ros_tutorials/turtlesim/src/turtle.cpp:update:288"
"Oh no! I hit the wall! (Clamping from [x=4.176483, y=-0.031297])";"30";"turtlesim2.sim2";"1758887926.695124008";"/home/nurshat/ros2_ws/src/ros_tutorials/turtlesim/src/turtle.cpp:update:288"
"Oh no! I hit the wall! (Clamping from [x=4.183154, y=-0.031297])";"30";"turtlesim3.sim3";"1758887926.695172639";"/home/nurshat/ros2_ws/src/ros_tutorials/turtlesim/src/turtle.cpp:update:288"
"Oh no! I hit the wall! (Clamping from [x=4.169812, y=-0.031297])";"30";"turtlesim1.sim1";"1758887926.695261291";"/home/nurshat/ros2_ws/src/ros_tutorials/turtlesim/src/turtle.cpp:update:288"
"Oh no! I hit the wall! (Clamping from [x=4.176483, y=-0.031297])";"30";"turtlesim3.sim3";"1758887926.710712558";"/home/nurshat/ros2_ws/src/ros_tutorials/turtlesim/src/turtle.cpp:update:288"
"Oh no! I hit the wall! (Clamping from [x=4.169812, y=-0.031297])";"30";"turtlesim2.sim2";"1758887926.711662957";"/home/nurshat/ros2_ws/src/ros_tutorials/turtlesim/src/turtle.cpp:update:288"
"Oh no! I hit the wall! (Clamping from [x=4.163140, y=-0.031297])";"30";"turtlesim1.sim1";"1758887926.711716953";"/home/nurshat/ros2_ws/src/ros_tutorials/turtlesim/src/turtle.cpp:update:288"
"Oh no! I hit the wall! (Clamping from [x=4.163140, y=-0.031297])";"30";"turtlesim2.sim2";"1758887926.727314562";"/home/nurshat/ros2_ws/src/ros_tutorials/turtlesim/src/turtle.cpp:update:288"
"Oh no! I hit the wall! (Clamping from [x=4.169812, y=-0.031297])";"30";"turtlesim3.sim3";"1758887926.727314881";"/home/nurshat/ros2_ws/src/ros_tutorials/turtlesim/src/turtle.cpp:update:288"
"Oh no! I hit the wall! (Clamping from [x=4.163140, y=-0.031297])";"30";"turtlesim3.sim3";"1758887926.743043032";"/home/nurshat/ros2_ws/src/ros_tutorials/turtlesim/src/turtle.cpp:update:288"
"Oh no! I hit the wall! (Clamping from [x=4.156469, y=-0.031297])";"30";"turtlesim1.sim1";"1758887941.977492123";"/home/nurshat/ros2_ws/src/ros_tutorials/turtlesim/src/turtle.cpp:update:288"
"Oh no! I hit the wall! (Clamping from [x=4.156469, y=-0.031297])";"30";"turtlesim2.sim2";"1758887941.993730885";"/home/nurshat/ros2_ws/src/ros_tutorials/turtlesim/src/turtle.cpp:update:288"
"Oh no! I hit the wall! (Clamping from [x=4.149798, y=-0.031297])";"30";"turtlesim1.sim1";"1758887941.993882309";"/home/nurshat/ros2_ws/src/ros_tutorials/turtlesim/src/turtle.cpp:update:288"
"Oh no! I hit the wall! (Clamping from [x=4.149798, y=-0.031297])";"30";"turtlesim2.sim2";"1758887942.009740852";"/home/nurshat/ros2_ws/src/ros_tutorials/turtlesim/src/turtle.cpp:update:288"
"Oh no! I hit the wall! (Clamping from [x=4.143126, y=-0.031297])";"30";"turtlesim1.sim1";"1758887942.009830206";"/home/nurshat/ros2_ws/src/ros_tutorials/turtlesim/src/turtle.cpp:update:288"
"Oh no! I hit the wall! (Clamping from [x=4.156469, y=-0.031297])";"30";"turtlesim3.sim3";"1758887942.010106902";"/home/nurshat/ros2_ws/src/ros_tutorials/turtlesim/src/turtle.cpp:update:288"
"Oh no! I hit the wall! (Clamping from [x=4.136455, y=-0.031297])";"30";"turtlesim1.sim1";"1758887942.026116901";"/home/nurshat/ros2_ws/src/ros_tutorials/turtlesim/src/turtle.cpp:update:288"
"Oh no! I hit the wall! (Clamping from [x=4.149798, y=-0.031297])";"30";"turtlesim3.sim3";"1758887942.026131940";"/home/nurshat/ros2_ws/src/ros_tutorials/turtlesim/src/turtle.cpp:update:288"
"Oh no! I hit the wall! (Clamping from [x=4.143126, y=-0.031297])";"30";"turtlesim2.sim2";"1758887942.026131984";"/home/nurshat/ros2_ws/src/ros_tutorials/turtlesim/src/turtle.cpp:update:288"
"Oh no! I hit the wall! (Clamping from [x=4.143126, y=-0.031297])";"30";"turtlesim3.sim3";"1758887942.041566646";"/home/nurshat/ros2_ws/src/ros_tutorials/turtlesim/src/turtle.cpp:update:288"
"Oh no! I hit the wall! (Clamping from [x=4.136455, y=-0.031297])";"30";"turtlesim2.sim2";"1758887942.042122540";"/home/nurshat/ros2_ws/src/ros_tutorials/turtlesim/src/turtle.cpp:update:288"
"Oh no! I hit the wall! (Clamping from [x=4.129784, y=-0.031297])";"30";"turtlesim1.sim1";"1758887942.042228443";"/home/nurshat/ros2_ws/src/ros_tutorials/turtlesim/src/turtle.cpp:update:288"
"Oh no! I hit the wall! (Clamping from [x=4.129784, y=-0.031297])";"30";"turtlesim2.sim2";"1758887942.058218439";"/home/nurshat/ros2_ws/src/ros_tutorials/turtlesim/src/turtle.cpp:update:288"
"Oh no! I hit the wall! (Clamping from [x=4.123113, y=-0.031297])";"30";"turtlesim1.sim1";"1758887942.058220778";"/home/nurshat/ros2_ws/src/ros_tutorials/turtlesim/src/turtle.cpp:update:288"
"Oh no! I hit the wall! (Clamping from [x=4.136455, y=-0.031297])";"30";"turtlesim3.sim3";"1758887942.058311851";"/home/nurshat/ros2_ws/src/ros_tutorials/turtlesim/src/turtle.cpp:update:288"
"Oh no! I hit the wall! (Clamping from [x=4.123113, y=-0.031297])";"30";"turtlesim2.sim2";"1758887942.073724612";"/home/nurshat/ros2_ws/src/ros_tutorials/turtlesim/src/turtle.cpp:update:288"
"Oh no! I hit the wall! (Clamping from [x=4.116441, y=-0.031297])";"30";"turtlesim1.sim1";"1758887942.073734395";"/home/nurshat/ros2_ws/src/ros_tutorials/turtlesim/src/turtle.cpp:update:288"
"Oh no! I hit the wall! (Clamping from [x=4.129784, y=-0.031297])";"30";"turtlesim3.sim3";"1758887942.073984567";"/home/nurshat/ros2_ws/src/ros_tutorials/turtlesim/src/turtle.cpp:update:288"
"Oh no! I hit the wall! (Clamping from [x=4.123113, y=-0.031297])";"30";"turtlesim3.sim3";"1758887942.089276334";"/home/nurshat/ros2_ws/src/ros_tutorials/turtlesim/src/turtle.cpp:update:288"
"Oh no! I hit the wall! (Clamping from [x=4.116441, y=-0.031297])";"30";"turtlesim2.sim2";"1758887942.090004235";"/home/nurshat/ros2_ws/src/ros_tutorials/turtlesim/src/turtle.cpp:update:288"
"Oh no! I hit the wall! (Clamping from [x=4.109770, y=-0.031297])";"30";"turtlesim1.sim1";"1758887942.091277009";"/home/nurshat/ros2_ws/src/ros_tutorials/turtlesim/src/turtle.cpp:update:288"
"Oh no! I hit the wall! (Clamping from [x=4.116441, y=-0.031297])";"30";"turtlesim3.sim3";"1758887942.105308762";"/home/nurshat/ros2_ws/src/ros_tutorials/turtlesim/src/turtle.cpp:update:288"
"Oh no! I hit the wall! (Clamping from [x=4.109770, y=-0.031297])";"30";"turtlesim2.sim2";"1758887942.105344253";"/home/nurshat/ros2_ws/src/ros_tutorials/turtlesim/src/turtle.cpp:update:288"
"Oh no! I hit the wall! (Clamping from [x=4.103099, y=-0.031297])";"30";"turtlesim1.sim1";"1758887942.105931166";"/home/nurshat/ros2_ws/src/ros_tutorials/turtlesim/src/turtle.cpp:update:288"
"Oh no! I hit the wall! (Clamping from [x=4.103099, y=-0.031297])";"30";"turtlesim2.sim2";"1758887942.121464652";"/home/nurshat/ros2_ws/src/ros_tutorials/turtlesim/src/turtle.cpp:update:288"
"Oh no! I hit the wall! (Clamping from [x=4.109770, y=-0.031297])";"30";"turtlesim3.sim3";"1758887942.121778290";"/home/nurshat/ros2_ws/src/ros_tutorials/turtlesim/src/turtle.cpp:update:288"
"Oh no! I hit the wall! (Clamping from [x=4.096427, y=-0.031297])";"30";"turtlesim1.sim1";"1758887942.122047136";"/home/nurshat/ros2_ws/src/ros_tutorials/turtlesim/src/turtle.cpp:update:288"
"Oh no! I hit the wall! (Clamping from [x=4.103099, y=-0.031297])";"30";"turtlesim3.sim3";"1758887942.137320988";"/home/nurshat/ros2_ws/src/ros_tutorials/turtlesim/src/turtle.cpp:update:288"
"Oh no! I hit the wall! (Clamping from [x=4.096427, y=-0.031297])";"30";"turtlesim2.sim2";"1758887942.137332734";"/home/nurshat/ros2_ws/src/ros_tutorials/turtlesim/src/turtle.cpp:update:288"
"Oh no! I hit the wall! (Clamping from [x=4.089756, y=-0.031297])";"30";"turtlesim1.sim1";"1758887942.137938903";"/home/nurshat/ros2_ws/src/ros_tutorials/turtlesim/src/turtle.cpp:update:288"
"Oh no! I hit the wall! (Clamping from [x=4.096427, y=-0.031297])";"30";"turtlesim3.sim3";"1758887942.153138155";"/home/nurshat/ros2_ws/src/ros_tutorials/turtlesim/src/turtle.cpp:update:288"
"Oh no! I hit the wall! (Clamping from [x=4.083085, y=-0.031297])";"30";"turtlesim1.sim1";"1758887942.153185226";"/home/nurshat/ros2_ws/src/ros_tutorials/turtlesim/src/turtle.cpp:update:288"
"Oh no! I hit the wall! (Clamping from [x=4.089756, y=-0.031297])";"30";"turtlesim2.sim2";"1758887942.153715441";"/home/nurshat/ros2_ws/src/ros_tutorials/turtlesim/src/turtle.cpp:update:288"
"Oh no! I hit the wall! (Clamping from [x=4.089756, y=-0.031297])";"30";"turtlesim3.sim3";"1758887942.169234844";"/home/nurshat/ros2_ws/src/ros_tutorials/turtlesim/src/turtle.cpp:update:288"
"Oh no! I hit the wall! (Clamping from [x=4.076414, y=-0.031297])";"30";"turtlesim1.sim1";"1758887942.169309513";"/home/nurshat/ros2_ws/src/ros_tutorials/turtlesim/src/turtle.cpp:update:288"
"Oh no! I hit the wall! (Clamping from [x=4.083085, y=-0.031297])";"30";"turtlesim2.sim2";"1758887942.169443507";"/home/nurshat/ros2_ws/src/ros_tutorials/turtlesim/src/turtle.cpp:update:288"
"Oh no! I hit the wall! (Clamping from [x=4.076414, y=-0.031297])";"30";"turtlesim2.sim2";"1758887942.185749411";"/home/nurshat/ros2_ws/src/ros_tutorials/turtlesim/src/turtle.cpp:update:288"
"Oh no! I hit the wall! (Clamping from [x=4.083085, y=-0.031297])";"30";"turtlesim3.sim3";"1758887942.185749548";"/home/nurshat/ros2_ws/src/ros_tutorials/turtlesim/src/turtle.cpp:update:288"
"Oh no! I hit the wall! (Clamping from [x=4.069742, y=-0.031297])";"30";"turtlesim1.sim1";"1758887942.185786700";"/home/nurshat/ros2_ws/src/ros_tutorials/turtlesim/src/turtle.cpp:update:288"
"Oh no! I hit the wall! (Clamping from [x=4.063071, y=-0.031297])";"30";"turtlesim1.sim1";"1758887942.202200716";"/home/nurshat/ros2_ws/src/ros_tutorials/turtlesim/src/turtle.cpp:update:288"
"Oh no! I hit the wall! (Clamping from [x=4.063071, y=-0.031297])";"30";"turtlesim2.sim2";"1758887942.217264569";"/home/nurshat/ros2_ws/src/ros_tutorials/turtlesim/src/turtle.cpp:update:288"
"Oh no! I hit the wall! (Clamping from [x=4.069742, y=-0.031297])";"30";"turtlesim3.sim3";"1758887942.217264745";"/home/nurshat/ros2_ws/src/ros_tutorials/turtlesim/src/turtle.cpp:update:288"
"Oh no! I hit the wall! (Clamping from [x=4.056400, y=-0.031297])";"30";"turtlesim1.sim1";"1758887942.217473220";"/home/nurshat/ros2_ws/src/ros_tutorials/turtlesim/src/turtle.cpp:update:288"
"Oh no! I hit the wall! (Clamping from [x=4.063071, y=-0.031297])";"30";"turtlesim3.sim3";"1758887942.233544532";"/home/nurshat/ros2_ws/src/ros_tutorials/turtlesim/src/turtle.cpp:update:288"
"Oh no! I hit the wall! (Clamping from [x=4.049728, y=-0.031297])";"30";"turtlesim1.sim1";"1758887942.233618762";"/home/nurshat/ros2_ws/src/ros_tutorials/turtlesim/src/turtle.cpp:update:288"
"Oh no! I hit the wall! (Clamping from [x=4.056400, y=-0.031297])";"30";"turtlesim2.sim2";"1758887942.233711286";"/home/nurshat/ros2_ws/src/ros_tutorials/turtlesim/src/turtle.cpp:update:288"
"Oh no! I hit the wall! (Clamping from [x=4.049728, y=-0.031297])";"30";"turtlesim2.sim2";"1758887942.249033177";"/home/nurshat/ros2_ws/src/ros_tutorials/turtlesim/src/turtle.cpp:update:288"
"Oh no! I hit the wall! (Clamping from [x=4.056400, y=-0.031297])";"30";"turtlesim3.sim3";"1758887942.249766702";"/home/nurshat/ros2_ws/src/ros_tutorials/turtlesim/src/turtle.cpp:update:288"
"Oh no! I hit the wall! (Clamping from [x=4.043057, y=-0.031297])";"30";"turtlesim1.sim1";"1758887942.249805147";"/home/nurshat/ros2_ws/src/ros_tutorials/turtlesim/src/turtle.cpp:update:288"
"Oh no! I hit the wall! (Clamping from [x=4.049728, y=-0.031297])";"30";"turtlesim3.sim3";"1758887942.265156705";"/home/nurshat/ros2_ws/src/ros_tutorials/turtlesim/src/turtle.cpp:update:288"
"Oh no! I hit the wall! (Clamping from [x=4.043057, y=-0.031297])";"30";"turtlesim2.sim2";"1758887942.265159632";"/home/nurshat/ros2_ws/src/ros_tutorials/turtlesim/src/turtle.cpp:update:288"
"Oh no! I hit the wall! (Clamping from [x=4.036386, y=-0.031297])";"30";"turtlesim1.sim1";"1758887942.265187542";"/home/nurshat/ros2_ws/src/ros_tutorials/turtlesim/src/turtle.cpp:update:288"
"Oh no! I hit the wall! (Clamping from [x=4.036386, y=-0.031297])";"30";"turtlesim2.sim2";"1758887942.281663121";"/home/nurshat/ros2_ws/src/ros_tutorials/turtlesim/src/turtle.cpp:update:288"
"Oh no! I hit the wall! (Clamping from [x=4.043057, y=-0.031297])";"30";"turtlesim3.sim3";"1758887942.281663217";"/home/nurshat/ros2_ws/src/ros_tutorials/turtlesim/src/turtle.cpp:update:288"
"Oh no! I hit the wall! (Clamping from [x=4.029714, y=-0.031297])";"30";"turtlesim1.sim1";"1758887942.282013818";"/home/nurshat/ros2_ws/src/ros_tutorials/turtlesim/src/turtle.cpp:update:288"
"Oh no! I hit the wall! (Clamping from [x=4.036386, y=-0.031297])";"30";"turtlesim3.sim3";"1758887942.297100065";"/home/nurshat/ros2_ws/src/ros_tutorials/turtlesim/src/turtle.cpp:update:288"
"Oh no! I hit the wall! (Clamping from [x=4.023043, y=-0.031297])";"30";"turtlesim1.sim1";"1758887942.297442147";"/home/nurshat/ros2_ws/src/ros_tutorials/turtlesim/src/turtle.cpp:update:288"
"Oh no! I hit the wall! (Clamping from [x=4.029714, y=-0.031297])";"30";"turtlesim2.sim2";"1758887942.298058061";"/home/nurshat/ros2_ws/src/ros_tutorials/turtlesim/src/turtle.cpp:update:288"
"Oh no! I hit the wall! (Clamping from [x=4.029714, y=-0.031297])";"30";"turtlesim3.sim3";"1758887942.313446965";"/home/nurshat/ros2_ws/src/ros_tutorials/turtlesim/src/turtle.cpp:update:288"
"Oh no! I hit the wall! (Clamping from [x=4.023043, y=-0.031297])";"30";"turtlesim2.sim2";"1758887942.313559193";"/home/nurshat/ros2_ws/src/ros_tutorials/turtlesim/src/turtle.cpp:update:288"
"Oh no! I hit the wall! (Clamping from [x=4.016372, y=-0.031297])";"30";"turtlesim1.sim1";"1758887942.313924583";"/home/nurshat/ros2_ws/src/ros_tutorials/turtlesim/src/turtle.cpp:update:288"
"Oh no! I hit the wall! (Clamping from [x=4.016372, y=-0.031297])";"30";"turtlesim2.sim2";"1758887942.329992078";"/home/nurshat/ros2_ws/src/ros_tutorials/turtlesim/src/turtle.cpp:update:288"
"Oh no! I hit the wall! (Clamping from [x=4.009701, y=-0.031297])";"30";"turtlesim1.sim1";"1758887942.330115648";"/home/nurshat/ros2_ws/src/ros_tutorials/turtlesim/src/turtle.cpp:update:288"
"Oh no! I hit the wall! (Clamping from [x=4.023043, y=-0.031297])";"30";"turtlesim3.sim3";"1758887942.330259339";"/home/nurshat/ros2_ws/src/ros_tutorials/turtlesim/src/turtle.cpp:update:288"
"Oh no! I hit the wall! (Clamping from [x=4.003029, y=-0.031297])";"30";"turtlesim1.sim1";"1758887942.345649145";"/home/nurshat/ros2_ws/src/ros_tutorials/turtlesim/src/turtle.cpp:update:288"
"Oh no! I hit the wall! (Clamping from [x=4.009701, y=-0.031297])";"30";"turtlesim2.sim2";"1758887942.345802491";"/home/nurshat/ros2_ws/src/ros_tutorials/turtlesim/src/turtle.cpp:update:288"
"Oh no! I hit the wall! (Clamping from [x=4.016372, y=-0.031297])";"30";"turtlesim3.sim3";"1758887942.345802515";"/home/nurshat/ros2_ws/src/ros_tutorials/turtlesim/src/turtle.cpp:update:288"
"Oh no! I hit the wall! (Clamping from [x=4.009701, y=-0.031297])";"30";"turtlesim3.sim3";"1758887942.361432627";"/home/nurshat/ros2_ws/src/ros_tutorials/turtlesim/src/turtle.cpp:update:288"
"Oh no! I hit the wall! (Clamping from [x=3.996358, y=-0.031297])";"30";"turtlesim1.sim1";"1758887942.361442988";"/home/nurshat/ros2_ws/src/ros_tutorials/turtlesim/src/turtle.cpp:update:288"
"Oh no! I hit the wall! (Clamping from [x=4.003029, y=-0.031297])";"30";"turtlesim2.sim2";"1758887942.362055448";"/home/nurshat/ros2_ws/src/ros_tutorials/turtlesim/src/turtle.cpp:update:288"
"Oh no! I hit the wall! (Clamping from [x=3.996358, y=-0.031297])";"30";"turtlesim2.sim2";"1758887942.378144383";"/home/nurshat/ros2_ws/src/ros_tutorials/turtlesim/src/turtle.cpp:update:288"
"Oh no! I hit the wall! (Clamping from [x=3.989687, y=-0.031297])";"30";"turtlesim1.sim1";"1758887942.378160121";"/home/nurshat/ros2_ws/src/ros_tutorials/turtlesim/src/turtle.cpp:update:288"
"Oh no! I hit the wall! (Clamping from [x=4.003029, y=-0.031297])";"30";"turtlesim3.sim3";"1758887942.378245375";"/home/nurshat/ros2_ws/src/ros_tutorials/turtlesim/src/turtle.cpp:update:288"
"Oh no! I hit the wall! (Clamping from [x=3.996358, y=-0.031297])";"30";"turtlesim3.sim3";"1758887942.394049173";"/home/nurshat/ros2_ws/src/ros_tutorials/turtlesim/src/turtle.cpp:update:288"
"Oh no! I hit the wall! (Clamping from [x=3.983015, y=-0.031297])";"30";"turtlesim1.sim1";"1758887942.394089946";"/home/nurshat/ros2_ws/src/ros_tutorials/turtlesim/src/turtle.cpp:update:288"
"Oh no! I hit the wall! (Clamping from [x=3.989687, y=-0.031297])";"30";"turtlesim2.sim2";"1758887942.394137721";"/home/nurshat/ros2_ws/src/ros_tutorials/turtlesim/src/turtle.cpp:update:288"
"Oh no! I hit the wall! (Clamping from [x=3.989687, y=-0.031297])";"30";"turtlesim3.sim3";"1758887942.409526227";"/home/nurshat/ros2_ws/src/ros_tutorials/turtlesim/src/turtle.cpp:update:288"
"Oh no! I hit the wall! (Clamping from [x=3.983015, y=-0.031297])";"30";"turtlesim2.sim2";"1758887942.409526495";"/home/nurshat/ros2_ws/src/ros_tutorials/turtlesim/src/turtle.cpp:update:288"
"Oh no! I hit the wall! (Clamping from [x=3.976344, y=-0.031297])";"30";"turtlesim1.sim1";"1758887942.410409603";"/home/nurshat/ros2_ws/src/ros_tutorials/turtlesim/src/turtle.cpp:update:288"
"Oh no! I hit the wall! (Clamping from [x=3.969673, y=-0.031297])";"30";"turtlesim1.sim1";"1758887942.426048540";"/home/nurshat/ros2_ws/src/ros_tutorials/turtlesim/src/turtle.cpp:update:288"
"Oh no! I hit the wall! (Clamping from [x=3.976344, y=-0.031297])";"30";"turtlesim2.sim2";"1758887942.426053516";"/home/nurshat/ros2_ws/src/ros_tutorials/turtlesim/src/turtle.cpp:update:288"
"Oh no! I hit the wall! (Clamping from [x=3.983015, y=-0.031297])";"30";"turtlesim3.sim3";"1758887942.426062888";"/home/nurshat/ros2_ws/src/ros_tutorials/turtlesim/src/turtle.cpp:update:288"
"Oh no! I hit the wall! (Clamping from [x=3.969673, y=-0.031297])";"30";"turtlesim2.sim2";"1758887942.441147397";"/home/nurshat/ros2_ws/src/ros_tutorials/turtlesim/src/turtle.cpp:update:288"
"Oh no! I hit the wall! (Clamping from [x=3.976344, y=-0.031297])";"30";"turtlesim3.sim3";"1758887942.442053567";"/home/nurshat/ros2_ws/src/ros_tutorials/turtlesim/src/turtle.cpp:update:288"
"Oh no! I hit the wall! (Clamping from [x=3.963002, y=-0.031297])";"30";"turtlesim1.sim1";"1758887942.442216970";"/home/nurshat/ros2_ws/src/ros_tutorials/turtlesim/src/turtle.cpp:update:288"
"Oh no! I hit the wall! (Clamping from [x=3.969673, y=-0.031297])";"30";"turtlesim3.sim3";"1758887942.457801673";"/home/nurshat/ros2_ws/src/ros_tutorials/turtlesim/src/turtle.cpp:update:288"
"Oh no! I hit the wall! (Clamping from [x=3.963002, y=-0.031297])";"30";"turtlesim2.sim2";"1758887942.457803632";"/home/nurshat/ros2_ws/src/ros_tutorials/turtlesim/src/turtle.cpp:update:288"
"Oh no! I hit the wall! (Clamping from [x=3.956330, y=-0.031297])";"30";"turtlesim1.sim1";"1758887942.457825640";"/home/nurshat/ros2_ws/src/ros_tutorials/turtlesim/src/turtle.cpp:update:288"
"Oh no! I hit the wall! (Clamping from [x=3.956330, y=-0.031297])";"30";"turtlesim2.sim2";"1758887942.473318023";"/home/nurshat/ros2_ws/src/ros_tutorials/turtlesim/src/turtle.cpp:update:288"
"Oh no! I hit the wall! (Clamping from [x=3.963002, y=-0.031297])";"30";"turtlesim3.sim3";"1758887942.473356068";"/home/nurshat/ros2_ws/src/ros_tutorials/turtlesim/src/turtle.cpp:update:288"
"Oh no! I hit the wall! (Clamping from [x=3.949659, y=-0.031297])";"30";"turtlesim1.sim1";"1758887942.473984547";"/home/nurshat/ros2_ws/src/ros_tutorials/turtlesim/src/turtle.cpp:update:288"
"Oh no! I hit the wall! (Clamping from [x=3.956330, y=-0.031297])";"30";"turtlesim3.sim3";"1758887942.489230062";"/home/nurshat/ros2_ws/src/ros_tutorials/turtlesim/src/turtle.cpp:update:288"
"Oh no! I hit the wall! (Clamping from [x=3.949659, y=-0.031297])";"30";"turtlesim2.sim2";"1758887942.489266580";"/home/nurshat/ros2_ws/src/ros_tutorials/turtlesim/src/turtle.cpp:update:288"
"Oh no! I hit the wall! (Clamping from [x=3.942988, y=-0.031297])";"30";"turtlesim1.sim1";"1758887942.489679401";"/home/nurshat/ros2_ws/src/ros_tutorials/turtlesim/src/turtle.cpp:update:288"
"Oh no! I hit the wall! (Clamping from [x=3.936316, y=-0.031297])";"30";"turtlesim1.sim1";"1758887942.505782685";"/home/nurshat/ros2_ws/src/ros_tutorials/turtlesim/src/turtle.cpp:update:288"
"Oh no! I hit the wall! (Clamping from [x=3.949659, y=-0.031297])";"30";"turtlesim3.sim3";"1758887942.505816675";"/home/nurshat/ros2_ws/src/ros_tutorials/turtlesim/src/turtle.cpp:update:288"
"Oh no! I hit the wall! (Clamping from [x=3.942988, y=-0.031297])";"30";"turtlesim2.sim2";"1758887942.505835637";"/home/nurshat/ros2_ws/src/ros_tutorials/turtlesim/src/turtle.cpp:update:288"
"Oh no! I hit the wall! (Clamping from [x=3.942988, y=-0.031297])";"30";"turtlesim3.sim3";"1758887942.521904747";"/home/nurshat/ros2_ws/src/ros_tutorials/turtlesim/src/turtle.cpp:update:288"
"Oh no! I hit the wall! (Clamping from [x=3.936316, y=-0.031297])";"30";"turtlesim2.sim2";"1758887942.521904880";"/home/nurshat/ros2_ws/src/ros_tutorials/turtlesim/src/turtle.cpp:update:288"
"Oh no! I hit the wall! (Clamping from [x=3.929645, y=-0.031297])";"30";"turtlesim1.sim1";"1758887942.521953650";"/home/nurshat/ros2_ws/src/ros_tutorials/turtlesim/src/turtle.cpp:update:288"
"Oh no! I hit the wall! (Clamping from [x=3.929645, y=-0.031297])";"30";"turtlesim2.sim2";"1758887942.537196427";"/home/nurshat/ros2_ws/src/ros_tutorials/turtlesim/src/turtle.cpp:update:288"
"Oh no! I hit the wall! (Clamping from [x=3.922974, y=-0.031297])";"30";"turtlesim1.sim1";"1758887942.537238480";"/home/nurshat/ros2_ws/src/ros_tutorials/turtlesim/src/turtle.cpp:update:288"
"Oh no! I hit the wall! (Clamping from [x=3.936316, y=-0.031297])";"30";"turtlesim3.sim3";"1758887942.537470224";"/home/nurshat/ros2_ws/src/ros_tutorials/turtlesim/src/turtle.cpp:update:288"
"Oh no! I hit the wall! (Clamping from [x=3.922974, y=-0.031297])";"30";"turtlesim2.sim2";"1758887942.553729361";"/home/nurshat/ros2_ws/src/ros_tutorials/turtlesim/src/turtle.cpp:update:288"
"Oh no! I hit the wall! (Clamping from [x=3.929645, y=-0.031297])";"30";"turtlesim3.sim3";"1758887942.553729514";"/home/nurshat/ros2_ws/src/ros_tutorials/turtlesim/src/turtle.cpp:update:288"
"Oh no! I hit the wall! (Clamping from [x=3.916303, y=-0.031297])";"30";"turtlesim1.sim1";"1758887942.553768983";"/home/nurshat/ros2_ws/src/ros_tutorials/turtlesim/src/turtle.cpp:update:288"
"Oh no! I hit the wall! (Clamping from [x=3.922974, y=-0.031297])";"30";"turtlesim3.sim3";"1758887942.570038865";"/home/nurshat/ros2_ws/src/ros_tutorials/turtlesim/src/turtle.cpp:update:288"
"Oh no! I hit the wall! (Clamping from [x=3.916303, y=-0.031297])";"30";"turtlesim2.sim2";"1758887942.570044404";"/home/nurshat/ros2_ws/src/ros_tutorials/turtlesim/src/turtle.cpp:update:288"
"Oh no! I hit the wall! (Clamping from [x=3.909631, y=-0.031297])";"30";"turtlesim1.sim1";"1758887942.570067753";"/home/nurshat/ros2_ws/src/ros_tutorials/turtlesim/src/turtle.cpp:update:288"
"Oh no! I hit the wall! (Clamping from [x=3.916303, y=-0.031297])";"30";"turtlesim3.sim3";"1758887942.585353512";"/home/nurshat/ros2_ws/src/ros_tutorials/turtlesim/src/turtle.cpp:update:288"
"Oh no! I hit the wall! (Clamping from [x=3.909631, y=-0.031297])";"30";"turtlesim2.sim2";"1758887942.585364100";"/home/nurshat/ros2_ws/src/ros_tutorials/turtlesim/src/turtle.cpp:update:288"
"Oh no! I hit the wall! (Clamping from [x=3.902960, y=-0.031297])";"30";"turtlesim1.sim1";"1758887942.585406513";"/home/nurshat/ros2_ws/src/ros_tutorials/turtlesim/src/turtle.cpp:update:288"
"Oh no! I hit the wall! (Clamping from [x=3.902960, y=-0.031297])";"30";"turtlesim2.sim2";"1758887942.601877164";"/home/nurshat/ros2_ws/src/ros_tutorials/turtlesim/src/turtle.cpp:update:288"
"Oh no! I hit the wall! (Clamping from [x=3.909631, y=-0.031297])";"30";"turtlesim3.sim3";"1758887942.601877215";"/home/nurshat/ros2_ws/src/ros_tutorials/turtlesim/src/turtle.cpp:update:288"
"Oh no! I hit the wall! (Clamping from [x=3.896289, y=-0.031297])";"30";"turtlesim1.sim1";"1758887942.601923154";"/home/nurshat/ros2_ws/src/ros_tutorials/turtlesim/src/turtle.cpp:update:288"
"Oh no! I hit the wall! (Clamping from [x=3.889617, y=-0.031297])";"30";"turtlesim1.sim1";"1758887942.617464438";"/home/nurshat/ros2_ws/src/ros_tutorials/turtlesim/src/turtle.cpp:update:288"
"Oh no! I hit the wall! (Clamping from [x=3.902960, y=-0.031297])";"30";"turtlesim3.sim3";"1758887942.617577381";"/home/nurshat/ros2_ws/src/ros_tutorials/turtlesim/src/turtle.cpp:update:288"
"Oh no! I hit the wall! (Clamping from [x=3.896289, y=-0.031297])";"30";"turtlesim2.sim2";"1758887942.617577410";"/home/nurshat/ros2_ws/src/ros_tutorials/turtlesim/src/turtle.cpp:update:288"
"Oh no! I hit the wall! (Clamping from [x=3.889617, y=-0.031297])";"30";"turtlesim2.sim2";"1758887942.633835462";"/home/nurshat/ros2_ws/src/ros_tutorials/turtlesim/src/turtle.cpp:update:288"
"Oh no! I hit the wall! (Clamping from [x=3.896289, y=-0.031297])";"30";"turtlesim3.sim3";"1758887942.633835497";"/home/nurshat/ros2_ws/src/ros_tutorials/turtlesim/src/turtle.cpp:update:288"
"Oh no! I hit the wall! (Clamping from [x=3.882946, y=-0.031297])";"30";"turtlesim1.sim1";"1758887942.633971769";"/home/nurshat/ros2_ws/src/ros_tutorials/turtlesim/src/turtle.cpp:update:288"
"Oh no! I hit the wall! (Clamping from [x=3.882946, y=-0.031297])";"30";"turtlesim2.sim2";"1758887942.649243534";"/home/nurshat/ros2_ws/src/ros_tutorials/turtlesim/src/turtle.cpp:update:288"
"Oh no! I hit the wall! (Clamping from [x=3.889617, y=-0.031297])";"30";"turtlesim3.sim3";"1758887942.649243641";"/home/nurshat/ros2_ws/src/ros_tutorials/turtlesim/src/turtle.cpp:update:288"
"Oh no! I hit the wall! (Clamping from [x=3.876275, y=-0.031297])";"30";"turtlesim1.sim1";"1758887942.649359919";"/home/nurshat/ros2_ws/src/ros_tutorials/turtlesim/src/turtle.cpp:update:288"
"Oh no! I hit the wall! (Clamping from [x=3.876275, y=-0.031297])";"30";"turtlesim2.sim2";"1758887942.665723401";"/home/nurshat/ros2_ws/src/ros_tutorials/turtlesim/src/turtle.cpp:update:288"
"Oh no! I hit the wall! (Clamping from [x=3.882946, y=-0.031297])";"30";"turtlesim3.sim3";"1758887942.665723903";"/home/nurshat/ros2_ws/src/ros_tutorials/turtlesim/src/turtle.cpp:update:288"
"Oh no! I hit the wall! (Clamping from [x=3.869603, y=-0.031297])";"30";"turtlesim1.sim1";"1758887942.665810563";"/home/nurshat/ros2_ws/src/ros_tutorials/turtlesim/src/turtle.cpp:update:288"
"Oh no! I hit the wall! (Clamping from [x=3.876275, y=-0.031297])";"30";"turtlesim3.sim3";"1758887942.681282879";"/home/nurshat/ros2_ws/src/ros_tutorials/turtlesim/src/turtle.cpp:update:288"
"Oh no! I hit the wall! (Clamping from [x=3.862932, y=-0.031297])";"30";"turtlesim1.sim1";"1758887942.681423684";"/home/nurshat/ros2_ws/src/ros_tutorials/turtlesim/src/turtle.cpp:update:288"
"Oh no! I hit the wall! (Clamping from [x=3.869603, y=-0.031297])";"30";"turtlesim2.sim2";"1758887942.682125330";"/home/nurshat/ros2_ws/src/ros_tutorials/turtlesim/src/turtle.cpp:update:288"
"Oh no! I hit the wall! (Clamping from [x=3.849590, y=-0.031297])";"30";"turtlesim1.sim1";"1758887942.713588321";"/home/nurshat/ros2_ws/src/ros_tutorials/turtlesim/src/turtle.cpp:update:288"
"Oh no! I hit the wall! (Clamping from [x=3.849590, y=-0.031297])";"30";"turtlesim2.sim2";"1758887942.729109235";"/home/nurshat/ros2_ws/src/ros_tutorials/turtlesim/src/turtle.cpp:update:288"
"Oh no! I hit the wall! (Clamping from [x=3.856261, y=-0.031297])";"30";"turtlesim3.sim3";"1758887942.729978901";"/home/nurshat/ros2_ws/src/ros_tutorials/turtlesim/src/turtle.cpp:update:288"
"Oh no! I hit the wall! (Clamping from [x=3.842918, y=-0.031297])";"30";"turtlesim1.sim1";"1758887942.730123405";"/home/nurshat/ros2_ws/src/ros_tutorials/turtlesim/src/turtle.cpp:update:288"
"Oh no! I hit the wall! (Clamping from [x=3.842918, y=-0.031297])";"30";"turtlesim2.sim2";"1758887942.745382127";"/home/nurshat/ros2_ws/src/ros_tutorials/turtlesim/src/turtle.cpp:update:288"
"Oh no! I hit the wall! (Clamping from [x=3.849590, y=-0.031297])";"30";"turtlesim3.sim3";"1758887942.745501213";"/home/nurshat/ros2_ws/src/ros_tutorials/turtlesim/src/turtle.cpp:update:288"
"Oh no! I hit the wall! (Clamping from [x=3.836247, y=-0.031297])";"30";"turtlesim1.sim1";"1758887942.745610903";"/home/nurshat/ros2_ws/src/ros_tutorials/turtlesim/src/turtle.cpp:update:288"
"Oh no! I hit the wall! (Clamping from [x=3.842918, y=-0.031297])";"30";"turtlesim3.sim3";"1758887942.761714175";"/home/nurshat/ros2_ws/src/ros_tutorials/turtlesim/src/turtle.cpp:update:288"
"Oh no! I hit the wall! (Clamping from [x=3.836247, y=-0.031297])";"30";"turtlesim2.sim2";"1758887942.761725312";"/home/nurshat/ros2_ws/src/ros_tutorials/turtlesim/src/turtle.cpp:update:288"
"Oh no! I hit the wall! (Clamping from [x=3.829576, y=-0.031297])";"30";"turtlesim1.sim1";"1758887942.761858773";"/home/nurshat/ros2_ws/src/ros_tutorials/turtlesim/src/turtle.cpp:update:288"
"Oh no! I hit the wall! (Clamping from [x=3.829576, y=-0.031297])";"30";"turtlesim2.sim2";"1758887942.778054785";"/home/nurshat/ros2_ws/src/ros_tutorials/turtlesim/src/turtle.cpp:update:288"
"Oh no! I hit the wall! (Clamping from [x=3.822904, y=-0.031297])";"30";"turtlesim1.sim1";"1758887942.778054838";"/home/nurshat/ros2_ws/src/ros_tutorials/turtlesim/src/turtle.cpp:update:288"
"Oh no! I hit the wall! (Clamping from [x=3.836247, y=-0.031297])";"30";"turtlesim3.sim3";"1758887942.778054897";"/home/nurshat/ros2_ws/src/ros_tutorials/turtlesim/src/turtle.cpp:update:288"
"Oh no! I hit the wall! (Clamping from [x=3.829576, y=-0.031297])";"30";"turtlesim3.sim3";"1758887942.793430277";"/home/nurshat/ros2_ws/src/ros_tutorials/turtlesim/src/turtle.cpp:update:288"
"Oh no! I hit the wall! (Clamping from [x=3.822904, y=-0.031297])";"30";"turtlesim2.sim2";"1758887942.793432852";"/home/nurshat/ros2_ws/src/ros_tutorials/turtlesim/src/turtle.cpp:update:288"
"Oh no! I hit the wall! (Clamping from [x=3.816233, y=-0.031297])";"30";"turtlesim1.sim1";"1758887942.793504983";"/home/nurshat/ros2_ws/src/ros_tutorials/turtlesim/src/turtle.cpp:update:288"
"Oh no! I hit the wall! (Clamping from [x=3.809562, y=-0.031297])";"30";"turtlesim1.sim1";"1758887942.810373206";"/home/nurshat/ros2_ws/src/ros_tutorials/turtlesim/src/turtle.cpp:update:288"
"Oh no! I hit the wall! (Clamping from [x=3.822904, y=-0.031297])";"30";"turtlesim3.sim3";"1758887942.810376425";"/home/nurshat/ros2_ws/src/ros_tutorials/turtlesim/src/turtle.cpp:update:288"
"Oh no! I hit the wall! (Clamping from [x=3.816233, y=-0.031297])";"30";"turtlesim2.sim2";"1758887942.810378078";"/home/nurshat/ros2_ws/src/ros_tutorials/turtlesim/src/turtle.cpp:update:288"
"Oh no! I hit the wall! (Clamping from [x=3.802891, y=-0.031297])";"30";"turtlesim1.sim1";"1758887942.826058964";"/home/nurshat/ros2_ws/src/ros_tutorials/turtlesim/src/turtle.cpp:update:288"
"Oh no! I hit the wall! (Clamping from [x=3.809562, y=-0.031297])";"30";"turtlesim2.sim2";"1758887942.826062752";"/home/nurshat/ros2_ws/src/ros_tutorials/turtlesim/src/turtle.cpp:update:288"
"Oh no! I hit the wall! (Clamping from [x=3.816233, y=-0.031297])";"30";"turtlesim3.sim3";"1758887942.826068323";"/home/nurshat/ros2_ws/src/ros_tutorials/turtlesim/src/turtle.cpp:update:288"
"Oh no! I hit the wall! (Clamping from [x=3.809562, y=-0.031297])";"30";"turtlesim3.sim3";"1758887942.841576884";"/home/nurshat/ros2_ws/src/ros_tutorials/turtlesim/src/turtle.cpp:update:288"
"Oh no! I hit the wall! (Clamping from [x=3.802891, y=-0.031297])";"30";"turtlesim2.sim2";"1758887942.841584873";"/home/nurshat/ros2_ws/src/ros_tutorials/turtlesim/src/turtle.cpp:update:288"
"Oh no! I hit the wall! (Clamping from [x=3.796219, y=-0.031297])";"30";"turtlesim1.sim1";"1758887942.841634647";"/home/nurshat/ros2_ws/src/ros_tutorials/turtlesim/src/turtle.cpp:update:288"
"Oh no! I hit the wall! (Clamping from [x=3.802891, y=-0.031297])";"30";"turtlesim3.sim3";"1758887942.858433205";"/home/nurshat/ros2_ws/src/ros_tutorials/turtlesim/src/turtle.cpp:update:288"
"Oh no! I hit the wall! (Clamping from [x=3.796219, y=-0.031297])";"30";"turtlesim2.sim2";"1758887942.858433867";"/home/nurshat/ros2_ws/src/ros_tutorials/turtlesim/src/turtle.cpp:update:288"
"Oh no! I hit the wall! (Clamping from [x=3.789548, y=-0.031297])";"30";"turtlesim1.sim1";"1758887942.858582280";"/home/nurshat/ros2_ws/src/ros_tutorials/turtlesim/src/turtle.cpp:update:288"
"Oh no! I hit the wall! (Clamping from [x=3.789548, y=-0.031297])";"30";"turtlesim2.sim2";"1758887942.873770090";"/home/nurshat/ros2_ws/src/ros_tutorials/turtlesim/src/turtle.cpp:update:288"
"Oh no! I hit the wall! (Clamping from [x=3.796219, y=-0.031297])";"30";"turtlesim3.sim3";"1758887942.873770135";"/home/nurshat/ros2_ws/src/ros_tutorials/turtlesim/src/turtle.cpp:update:288"
"Oh no! I hit the wall! (Clamping from [x=3.782877, y=-0.031297])";"30";"turtlesim1.sim1";"1758887942.873796913";"/home/nurshat/ros2_ws/src/ros_tutorials/turtlesim/src/turtle.cpp:update:288"
"Oh no! I hit the wall! (Clamping from [x=3.782877, y=-0.031297])";"30";"turtlesim2.sim2";"1758887942.889316903";"/home/nurshat/ros2_ws/src/ros_tutorials/turtlesim/src/turtle.cpp:update:288"
"Oh no! I hit the wall! (Clamping from [x=3.789548, y=-0.031297])";"30";"turtlesim3.sim3";"1758887942.889332311";"/home/nurshat/ros2_ws/src/ros_tutorials/turtlesim/src/turtle.cpp:update:288"
"Oh no! I hit the wall! (Clamping from [x=3.776205, y=-0.031297])";"30";"turtlesim1.sim1";"1758887942.890406173";"/home/nurshat/ros2_ws/src/ros_tutorials/turtlesim/src/turtle.cpp:update:288"
"Oh no! I hit the wall! (Clamping from [x=3.776205, y=-0.031297])";"30";"turtlesim2.sim2";"1758887942.905262896";"/home/nurshat/ros2_ws/src/ros_tutorials/turtlesim/src/turtle.cpp:update:288"
"Oh no! I hit the wall! (Clamping from [x=3.782877, y=-0.031297])";"30";"turtlesim3.sim3";"1758887942.905599691";"/home/nurshat/ros2_ws/src/ros_tutorials/turtlesim/src/turtle.cpp:update:288"
"Oh no! I hit the wall! (Clamping from [x=3.769534, y=-0.031297])";"30";"turtlesim1.sim1";"1758887942.906065996";"/home/nurshat/ros2_ws/src/ros_tutorials/turtlesim/src/turtle.cpp:update:288"
"Oh no! I hit the wall! (Clamping from [x=3.769534, y=-0.031297])";"30";"turtlesim2.sim2";"1758887942.921212808";"/home/nurshat/ros2_ws/src/ros_tutorials/turtlesim/src/turtle.cpp:update:288"
"Oh no! I hit the wall! (Clamping from [x=3.776205, y=-0.031297])";"30";"turtlesim3.sim3";"1758887942.921514645";"/home/nurshat/ros2_ws/src/ros_tutorials/turtlesim/src/turtle.cpp:update:288"
"Oh no! I hit the wall! (Clamping from [x=3.762863, y=-0.031297])";"30";"turtlesim1.sim1";"1758887942.922313906";"/home/nurshat/ros2_ws/src/ros_tutorials/turtlesim/src/turtle.cpp:update:288"
"Oh no! I hit the wall! (Clamping from [x=3.762863, y=-0.031297])";"30";"turtlesim2.sim2";"1758887942.937549625";"/home/nurshat/ros2_ws/src/ros_tutorials/turtlesim/src/turtle.cpp:update:288"
"Oh no! I hit the wall! (Clamping from [x=3.769534, y=-0.031297])";"30";"turtlesim3.sim3";"1758887942.937611839";"/home/nurshat/ros2_ws/src/ros_tutorials/turtlesim/src/turtle.cpp:update:288"
"Oh no! I hit the wall! (Clamping from [x=3.756192, y=-0.031297])";"30";"turtlesim1.sim1";"1758887942.937948353";"/home/nurshat/ros2_ws/src/ros_tutorials/turtlesim/src/turtle.cpp:update:288"
"Oh no! I hit the wall! (Clamping from [x=3.762863, y=-0.031297])";"30";"turtlesim3.sim3";"1758887942.953898953";"/home/nurshat/ros2_ws/src/ros_tutorials/turtlesim/src/turtle.cpp:update:288"
"Oh no! I hit the wall! (Clamping from [x=3.756192, y=-0.031297])";"30";"turtlesim2.sim2";"1758887942.953898973";"/home/nurshat/ros2_ws/src/ros_tutorials/turtlesim/src/turtle.cpp:update:288"
"Oh no! I hit the wall! (Clamping from [x=3.749520, y=-0.031297])";"30";"turtlesim1.sim1";"1758887942.954152133";"/home/nurshat/ros2_ws/src/ros_tutorials/turtlesim/src/turtle.cpp:update:288"
"Oh no! I hit the wall! (Clamping from [x=3.749520, y=-0.031297])";"30";"turtlesim2.sim2";"1758887942.969499757";"/home/nurshat/ros2_ws/src/ros_tutorials/turtlesim/src/turtle.cpp:update:288"
"Oh no! I hit the wall! (Clamping from [x=3.756192, y=-0.031297])";"30";"turtlesim3.sim3";"1758887942.969500067";"/home/nurshat/ros2_ws/src/ros_tutorials/turtlesim/src/turtle.cpp:update:288"
"Oh no! I hit the wall! (Clamping from [x=3.742849, y=-0.031297])";"30";"turtlesim1.sim1";"1758887942.969687055";"/home/nurshat/ros2_ws/src/ros_tutorials/turtlesim/src/turtle.cpp:update:288"
"Oh no! I hit the wall! (Clamping from [x=3.742849, y=-0.031297])";"30";"turtlesim2.sim2";"1758887942.985692404";"/home/nurshat/ros2_ws/src/ros_tutorials/turtlesim/src/turtle.cpp:update:288"
"Oh no! I hit the wall! (Clamping from [x=3.749520, y=-0.031297])";"30";"turtlesim3.sim3";"1758887942.985708264";"/home/nurshat/ros2_ws/src/ros_tutorials/turtlesim/src/turtle.cpp:update:288"
"Oh no! I hit the wall! (Clamping from [x=3.742849, y=-0.031297])";"30";"turtlesim3.sim3";"1758887943.001988607";"/home/nurshat/ros2_ws/src/ros_tutorials/turtlesim/src/turtle.cpp:update:288"
"Oh no! I hit the wall! (Clamping from [x=3.736178, y=-0.031297])";"30";"turtlesim1.sim1";"1758887944.089865570";"/home/nurshat/ros2_ws/src/ros_tutorials/turtlesim/src/turtle.cpp:update:288"
"Oh no! I hit the wall! (Clamping from [x=3.736178, y=-0.031297])";"30";"turtlesim2.sim2";"1758887944.105810533";"/home/nurshat/ros2_ws/src/ros_tutorials/turtlesim/src/turtle.cpp:update:288"
"Oh no! I hit the wall! (Clamping from [x=3.729506, y=-0.031297])";"30";"turtlesim1.sim1";"1758887944.105944081";"/home/nurshat/ros2_ws/src/ros_tutorials/turtlesim/src/turtle.cpp:update:288"
"Oh no! I hit the wall! (Clamping from [x=3.729506, y=-0.031297])";"30";"turtlesim2.sim2";"1758887944.121372276";"/home/nurshat/ros2_ws/src/ros_tutorials/turtlesim/src/turtle.cpp:update:288"
"Oh no! I hit the wall! (Clamping from [x=3.736178, y=-0.031297])";"30";"turtlesim3.sim3";"1758887944.121372328";"/home/nurshat/ros2_ws/src/ros_tutorials/turtlesim/src/turtle.cpp:update:288"
"Oh no! I hit the wall! (Clamping from [x=3.722835, y=-0.031297])";"30";"turtlesim1.sim1";"1758887944.121666089";"/home/nurshat/ros2_ws/src/ros_tutorials/turtlesim/src/turtle.cpp:update:288"
"Oh no! I hit the wall! (Clamping from [x=3.722835, y=-0.031297])";"30";"turtlesim2.sim2";"1758887944.137515648";"/home/nurshat/ros2_ws/src/ros_tutorials/turtlesim/src/turtle.cpp:update:288"
"Oh no! I hit the wall! (Clamping from [x=3.729506, y=-0.031297])";"30";"turtlesim3.sim3";"1758887944.137515688";"/home/nurshat/ros2_ws/src/ros_tutorials/turtlesim/src/turtle.cpp:update:288"
"Oh no! I hit the wall! (Clamping from [x=3.716164, y=-0.031297])";"30";"turtlesim1.sim1";"1758887944.137955347";"/home/nurshat/ros2_ws/src/ros_tutorials/turtlesim/src/turtle.cpp:update:288"
"Oh no! I hit the wall! (Clamping from [x=3.709492, y=-0.031297])";"30";"turtlesim1.sim1";"1758887944.153345883";"/home/nurshat/ros2_ws/src/ros_tutorials/turtlesim/src/turtle.cpp:update:288"
"Oh no! I hit the wall! (Clamping from [x=3.716164, y=-0.031297])";"30";"turtlesim2.sim2";"1758887944.153582337";"/home/nurshat/ros2_ws/src/ros_tutorials/turtlesim/src/turtle.cpp:update:288"
"Oh no! I hit the wall! (Clamping from [x=3.722835, y=-0.031297])";"30";"turtlesim3.sim3";"1758887944.153584367";"/home/nurshat/ros2_ws/src/ros_tutorials/turtlesim/src/turtle.cpp:update:288"
"Oh no! I hit the wall! (Clamping from [x=3.716164, y=-0.031297])";"30";"turtlesim3.sim3";"1758887944.169259340";"/home/nurshat/ros2_ws/src/ros_tutorials/turtlesim/src/turtle.cpp:update:288"
"Oh no! I hit the wall! (Clamping from [x=3.702821, y=-0.031297])";"30";"turtlesim1.sim1";"1758887944.169971309";"/home/nurshat/ros2_ws/src/ros_tutorials/turtlesim/src/turtle.cpp:update:288"
"Oh no! I hit the wall! (Clamping from [x=3.709492, y=-0.031297])";"30";"turtlesim2.sim2";"1758887944.170040967";"/home/nurshat/ros2_ws/src/ros_tutorials/turtlesim/src/turtle.cpp:update:288"
"Oh no! I hit the wall! (Clamping from [x=3.696150, y=-0.031297])";"30";"turtlesim1.sim1";"1758887944.185638828";"/home/nurshat/ros2_ws/src/ros_tutorials/turtlesim/src/turtle.cpp:update:288"
"Oh no! I hit the wall! (Clamping from [x=3.709492, y=-0.031297])";"30";"turtlesim3.sim3";"1758887944.185659501";"/home/nurshat/ros2_ws/src/ros_tutorials/turtlesim/src/turtle.cpp:update:288"
"Oh no! I hit the wall! (Clamping from [x=3.702821, y=-0.031297])";"30";"turtlesim2.sim2";"1758887944.185800397";"/home/nurshat/ros2_ws/src/ros_tutorials/turtlesim/src/turtle.cpp:update:288"
"Oh no! I hit the wall! (Clamping from [x=3.702821, y=-0.031297])";"30";"turtlesim3.sim3";"1758887944.201265778";"/home/nurshat/ros2_ws/src/ros_tutorials/turtlesim/src/turtle.cpp:update:288"
"Oh no! I hit the wall! (Clamping from [x=3.696150, y=-0.031297])";"30";"turtlesim2.sim2";"1758887944.201342244";"/home/nurshat/ros2_ws/src/ros_tutorials/turtlesim/src/turtle.cpp:update:288"
"Oh no! I hit the wall! (Clamping from [x=3.689479, y=-0.031297])";"30";"turtlesim1.sim1";"1758887944.201417205";"/home/nurshat/ros2_ws/src/ros_tutorials/turtlesim/src/turtle.cpp:update:288"
"Oh no! I hit the wall! (Clamping from [x=3.689479, y=-0.031297])";"30";"turtlesim2.sim2";"1758887944.217817796";"/home/nurshat/ros2_ws/src/ros_tutorials/turtlesim/src/turtle.cpp:update:288"
"Oh no! I hit the wall! (Clamping from [x=3.696150, y=-0.031297])";"30";"turtlesim3.sim3";"1758887944.217817877";"/home/nurshat/ros2_ws/src/ros_tutorials/turtlesim/src/turtle.cpp:update:288"
"Oh no! I hit the wall! (Clamping from [x=3.682807, y=-0.031297])";"30";"turtlesim1.sim1";"1758887944.217880872";"/home/nurshat/ros2_ws/src/ros_tutorials/turtlesim/src/turtle.cpp:update:288"
"Oh no! I hit the wall! (Clamping from [x=3.682807, y=-0.031297])";"30";"turtlesim2.sim2";"1758887944.233298174";"/home/nurshat/ros2_ws/src/ros_tutorials/turtlesim/src/turtle.cpp:update:288"
"Oh no! I hit the wall! (Clamping from [x=3.676136, y=-0.031297])";"30";"turtlesim1.sim1";"1758887944.233342678";"/home/nurshat/ros2_ws/src/ros_tutorials/turtlesim/src/turtle.cpp:update:288"
"Oh no! I hit the wall! (Clamping from [x=3.689479, y=-0.031297])";"30";"turtlesim3.sim3";"1758887944.233995844";"/home/nurshat/ros2_ws/src/ros_tutorials/turtlesim/src/turtle.cpp:update:288"
"Oh no! I hit the wall! (Clamping from [x=3.682807, y=-0.031297])";"30";"turtlesim3.sim3";"1758887944.249375742";"/home/nurshat/ros2_ws/src/ros_tutorials/turtlesim/src/turtle.cpp:update:288"
"Oh no! I hit the wall! (Clamping from [x=3.676136, y=-0.031297])";"30";"turtlesim2.sim2";"1758887944.249656474";"/home/nurshat/ros2_ws/src/ros_tutorials/turtlesim/src/turtle.cpp:update:288"
"Oh no! I hit the wall! (Clamping from [x=3.669465, y=-0.031297])";"30";"turtlesim1.sim1";"1758887944.249809093";"/home/nurshat/ros2_ws/src/ros_tutorials/turtlesim/src/turtle.cpp:update:288"
"Oh no! I hit the wall! (Clamping from [x=3.669465, y=-0.031297])";"30";"turtlesim3.sim3";"1758887944.281964044";"/home/nurshat/ros2_ws/src/ros_tutorials/turtlesim/src/turtle.cpp:update:288"
"Oh no! I hit the wall! (Clamping from [x=3.662793, y=-0.031297])";"30";"turtlesim3.sim3";"1758887944.297340328";"/home/nurshat/ros2_ws/src/ros_tutorials/turtlesim/src/turtle.cpp:update:288"
"Oh no! I hit the wall! (Clamping from [x=3.656122, y=-0.031297])";"30";"turtlesim2.sim2";"1758887944.297575296";"/home/nurshat/ros2_ws/src/ros_tutorials/turtlesim/src/turtle.cpp:update:288"
"Oh no! I hit the wall! (Clamping from [x=3.649451, y=-0.031297])";"30";"turtlesim1.sim1";"1758887944.297593113";"/home/nurshat/ros2_ws/src/ros_tutorials/turtlesim/src/turtle.cpp:update:288"
"Oh no! I hit the wall! (Clamping from [x=3.642780, y=-0.031297])";"30";"turtlesim1.sim1";"1758887944.313183820";"/home/nurshat/ros2_ws/src/ros_tutorials/turtlesim/src/turtle.cpp:update:288"
"Oh no! I hit the wall! (Clamping from [x=3.656122, y=-0.031297])";"30";"turtlesim3.sim3";"1758887944.313603734";"/home/nurshat/ros2_ws/src/ros_tutorials/turtlesim/src/turtle.cpp:update:288"
"Oh no! I hit the wall! (Clamping from [x=3.649451, y=-0.031297])";"30";"turtlesim2.sim2";"1758887944.313667890";"/home/nurshat/ros2_ws/src/ros_tutorials/turtlesim/src/turtle.cpp:update:288"
"Oh no! I hit the wall! (Clamping from [x=3.636108, y=-0.031297])";"30";"turtlesim1.sim1";"1758887944.329447778";"/home/nurshat/ros2_ws/src/ros_tutorials/turtlesim/src/turtle.cpp:update:288"
"Oh no! I hit the wall! (Clamping from [x=3.649451, y=-0.031297])";"30";"turtlesim3.sim3";"1758887944.329799183";"/home/nurshat/ros2_ws/src/ros_tutorials/turtlesim/src/turtle.cpp:update:288"
"Oh no! I hit the wall! (Clamping from [x=3.642780, y=-0.031297])";"30";"turtlesim2.sim2";"1758887944.329943471";"/home/nurshat/ros2_ws/src/ros_tutorials/turtlesim/src/turtle.cpp:update:288"
"Oh no! I hit the wall! (Clamping from [x=3.636108, y=-0.031297])";"30";"turtlesim2.sim2";"1758887944.345590571";"/home/nurshat/ros2_ws/src/ros_tutorials/turtlesim/src/turtle.cpp:update:288"
"Oh no! I hit the wall! (Clamping from [x=3.629437, y=-0.031297])";"30";"turtlesim1.sim1";"1758887944.345844121";"/home/nurshat/ros2_ws/src/ros_tutorials/turtlesim/src/turtle.cpp:update:288"
"Oh no! I hit the wall! (Clamping from [x=3.642780, y=-0.031297])";"30";"turtlesim3.sim3";"1758887944.346028400";"/home/nurshat/ros2_ws/src/ros_tutorials/turtlesim/src/turtle.cpp:update:288"
"Oh no! I hit the wall! (Clamping from [x=3.629437, y=-0.031297])";"30";"turtlesim2.sim2";"1758887944.361079601";"/home/nurshat/ros2_ws/src/ros_tutorials/turtlesim/src/turtle.cpp:update:288"
"Oh no! I hit the wall! (Clamping from [x=3.636108, y=-0.031297])";"30";"turtlesim3.sim3";"1758887944.361202900";"/home/nurshat/ros2_ws/src/ros_tutorials/turtlesim/src/turtle.cpp:update:288"
"Oh no! I hit the wall! (Clamping from [x=3.622766, y=-0.031297])";"30";"turtlesim1.sim1";"1758887944.361409572";"/home/nurshat/ros2_ws/src/ros_tutorials/turtlesim/src/turtle.cpp:update:288"
"Oh no! I hit the wall! (Clamping from [x=3.629437, y=-0.031297])";"30";"turtlesim3.sim3";"1758887944.377460288";"/home/nurshat/ros2_ws/src/ros_tutorials/turtlesim/src/turtle.cpp:update:288"
"Oh no! I hit the wall! (Clamping from [x=3.622766, y=-0.031297])";"30";"turtlesim2.sim2";"1758887944.377470474";"/home/nurshat/ros2_ws/src/ros_tutorials/turtlesim/src/turtle.cpp:update:288"
"Oh no! I hit the wall! (Clamping from [x=3.616094, y=-0.031297])";"30";"turtlesim1.sim1";"1758887944.377492969";"/home/nurshat/ros2_ws/src/ros_tutorials/turtlesim/src/turtle.cpp:update:288"
"Oh no! I hit the wall! (Clamping from [x=3.622766, y=-0.031297])";"30";"turtlesim3.sim3";"1758887944.393730142";"/home/nurshat/ros2_ws/src/ros_tutorials/turtlesim/src/turtle.cpp:update:288"
"Oh no! I hit the wall! (Clamping from [x=3.616094, y=-0.031297])";"30";"turtlesim2.sim2";"1758887944.393730172";"/home/nurshat/ros2_ws/src/ros_tutorials/turtlesim/src/turtle.cpp:update:288"
"Oh no! I hit the wall! (Clamping from [x=3.609423, y=-0.031297])";"30";"turtlesim1.sim1";"1758887944.394045331";"/home/nurshat/ros2_ws/src/ros_tutorials/turtlesim/src/turtle.cpp:update:288"
"Oh no! I hit the wall! (Clamping from [x=3.602752, y=-0.031297])";"30";"turtlesim1.sim1";"1758887944.409564053";"/home/nurshat/ros2_ws/src/ros_tutorials/turtlesim/src/turtle.cpp:update:288"
"Oh no! I hit the wall! (Clamping from [x=3.616094, y=-0.031297])";"30";"turtlesim3.sim3";"1758887944.409938531";"/home/nurshat/ros2_ws/src/ros_tutorials/turtlesim/src/turtle.cpp:update:288"
"Oh no! I hit the wall! (Clamping from [x=3.609423, y=-0.031297])";"30";"turtlesim2.sim2";"1758887944.410055409";"/home/nurshat/ros2_ws/src/ros_tutorials/turtlesim/src/turtle.cpp:update:288"
"Oh no! I hit the wall! (Clamping from [x=3.602752, y=-0.031297])";"30";"turtlesim2.sim2";"1758887944.425388117";"/home/nurshat/ros2_ws/src/ros_tutorials/turtlesim/src/turtle.cpp:update:288"
"Oh no! I hit the wall! (Clamping from [x=3.609423, y=-0.031297])";"30";"turtlesim3.sim3";"1758887944.425388131";"/home/nurshat/ros2_ws/src/ros_tutorials/turtlesim/src/turtle.cpp:update:288"
"Oh no! I hit the wall! (Clamping from [x=3.596081, y=-0.031297])";"30";"turtlesim1.sim1";"1758887944.426117895";"/home/nurshat/ros2_ws/src/ros_tutorials/turtlesim/src/turtle.cpp:update:288"
"Oh no! I hit the wall! (Clamping from [x=3.596081, y=-0.031297])";"30";"turtlesim2.sim2";"1758887944.442154631";"/home/nurshat/ros2_ws/src/ros_tutorials/turtlesim/src/turtle.cpp:update:288"
"Oh no! I hit the wall! (Clamping from [x=3.602752, y=-0.031297])";"30";"turtlesim3.sim3";"1758887944.442161275";"/home/nurshat/ros2_ws/src/ros_tutorials/turtlesim/src/turtle.cpp:update:288"
"Oh no! I hit the wall! (Clamping from [x=3.589409, y=-0.031297])";"30";"turtlesim1.sim1";"1758887944.442275738";"/home/nurshat/ros2_ws/src/ros_tutorials/turtlesim/src/turtle.cpp:update:288"
"Oh no! I hit the wall! (Clamping from [x=3.589409, y=-0.031297])";"30";"turtlesim2.sim2";"1758887944.457358915";"/home/nurshat/ros2_ws/src/ros_tutorials/turtlesim/src/turtle.cpp:update:288"
"Oh no! I hit the wall! (Clamping from [x=3.596081, y=-0.031297])";"30";"turtlesim3.sim3";"1758887944.458630761";"/home/nurshat/ros2_ws/src/ros_tutorials/turtlesim/src/turtle.cpp:update:288"
"Oh no! I hit the wall! (Clamping from [x=3.582738, y=-0.031297])";"30";"turtlesim1.sim1";"1758887944.458746955";"/home/nurshat/ros2_ws/src/ros_tutorials/turtlesim/src/turtle.cpp:update:288"
"Oh no! I hit the wall! (Clamping from [x=3.576067, y=-0.031297])";"30";"turtlesim1.sim1";"1758887944.473726474";"/home/nurshat/ros2_ws/src/ros_tutorials/turtlesim/src/turtle.cpp:update:288"
"Oh no! I hit the wall! (Clamping from [x=3.589409, y=-0.031297])";"30";"turtlesim3.sim3";"1758887944.474091806";"/home/nurshat/ros2_ws/src/ros_tutorials/turtlesim/src/turtle.cpp:update:288"
"Oh no! I hit the wall! (Clamping from [x=3.582738, y=-0.031297])";"30";"turtlesim2.sim2";"1758887944.474174420";"/home/nurshat/ros2_ws/src/ros_tutorials/turtlesim/src/turtle.cpp:update:288"
"Oh no! I hit the wall! (Clamping from [x=3.576067, y=-0.031297])";"30";"turtlesim2.sim2";"1758887944.490038577";"/home/nurshat/ros2_ws/src/ros_tutorials/turtlesim/src/turtle.cpp:update:288"
"Oh no! I hit the wall! (Clamping from [x=3.582738, y=-0.031297])";"30";"turtlesim3.sim3";"1758887944.490041236";"/home/nurshat/ros2_ws/src/ros_tutorials/turtlesim/src/turtle.cpp:update:288"
"Oh no! I hit the wall! (Clamping from [x=3.569395, y=-0.031297])";"30";"turtlesim1.sim1";"1758887944.490114489";"/home/nurshat/ros2_ws/src/ros_tutorials/turtlesim/src/turtle.cpp:update:288"
"Oh no! I hit the wall! (Clamping from [x=3.576067, y=-0.031297])";"30";"turtlesim3.sim3";"1758887944.505782993";"/home/nurshat/ros2_ws/src/ros_tutorials/turtlesim/src/turtle.cpp:update:288"
"Oh no! I hit the wall! (Clamping from [x=3.562724, y=-0.031297])";"30";"turtlesim1.sim1";"1758887944.505783092";"/home/nurshat/ros2_ws/src/ros_tutorials/turtlesim/src/turtle.cpp:update:288"
"Oh no! I hit the wall! (Clamping from [x=3.569395, y=-0.031297])";"30";"turtlesim2.sim2";"1758887944.505793054";"/home/nurshat/ros2_ws/src/ros_tutorials/turtlesim/src/turtle.cpp:update:288"
"Oh no! I hit the wall! (Clamping from [x=3.562724, y=-0.031297])";"30";"turtlesim2.sim2";"1758887944.521633937";"/home/nurshat/ros2_ws/src/ros_tutorials/turtlesim/src/turtle.cpp:update:288"
"Oh no! I hit the wall! (Clamping from [x=3.569395, y=-0.031297])";"30";"turtlesim3.sim3";"1758887944.521633939";"/home/nurshat/ros2_ws/src/ros_tutorials/turtlesim/src/turtle.cpp:update:288"
"Oh no! I hit the wall! (Clamping from [x=3.556053, y=-0.031297])";"30";"turtlesim1.sim1";"1758887944.521635875";"/home/nurshat/ros2_ws/src/ros_tutorials/turtlesim/src/turtle.cpp:update:288"
"Oh no! I hit the wall! (Clamping from [x=3.549381, y=-0.031297])";"30";"turtlesim1.sim1";"1758887944.538150327";"/home/nurshat/ros2_ws/src/ros_tutorials/turtlesim/src/turtle.cpp:update:288"
"Oh no! I hit the wall! (Clamping from [x=3.556053, y=-0.031297])";"30";"turtlesim2.sim2";"1758887944.538150415";"/home/nurshat/ros2_ws/src/ros_tutorials/turtlesim/src/turtle.cpp:update:288"
"Oh no! I hit the wall! (Clamping from [x=3.562724, y=-0.031297])";"30";"turtlesim3.sim3";"1758887944.538150454";"/home/nurshat/ros2_ws/src/ros_tutorials/turtlesim/src/turtle.cpp:update:288"
"Oh no! I hit the wall! (Clamping from [x=3.549381, y=-0.031297])";"30";"turtlesim2.sim2";"1758887944.554009717";"/home/nurshat/ros2_ws/src/ros_tutorials/turtlesim/src/turtle.cpp:update:288"
"Oh no! I hit the wall! (Clamping from [x=3.556053, y=-0.031297])";"30";"turtlesim3.sim3";"1758887944.554009772";"/home/nurshat/ros2_ws/src/ros_tutorials/turtlesim/src/turtle.cpp:update:288"
"Oh no! I hit the wall! (Clamping from [x=3.542710, y=-0.031297])";"30";"turtlesim1.sim1";"1758887944.554019136";"/home/nurshat/ros2_ws/src/ros_tutorials/turtlesim/src/turtle.cpp:update:288"
"Oh no! I hit the wall! (Clamping from [x=3.542710, y=-0.031297])";"30";"turtlesim2.sim2";"1758887944.569359526";"/home/nurshat/ros2_ws/src/ros_tutorials/turtlesim/src/turtle.cpp:update:288"
"Oh no! I hit the wall! (Clamping from [x=3.549381, y=-0.031297])";"30";"turtlesim3.sim3";"1758887944.569359650";"/home/nurshat/ros2_ws/src/ros_tutorials/turtlesim/src/turtle.cpp:update:288"
"Oh no! I hit the wall! (Clamping from [x=3.536039, y=-0.031297])";"30";"turtlesim1.sim1";"1758887944.569750545";"/home/nurshat/ros2_ws/src/ros_tutorials/turtlesim/src/turtle.cpp:update:288"
"Oh no! I hit the wall! (Clamping from [x=3.529368, y=-0.031297])";"30";"turtlesim1.sim1";"1758887944.585991223";"/home/nurshat/ros2_ws/src/ros_tutorials/turtlesim/src/turtle.cpp:update:288"
"Oh no! I hit the wall! (Clamping from [x=3.536039, y=-0.031297])";"30";"turtlesim2.sim2";"1758887944.585999142";"/home/nurshat/ros2_ws/src/ros_tutorials/turtlesim/src/turtle.cpp:update:288"
"Oh no! I hit the wall! (Clamping from [x=3.542710, y=-0.031297])";"30";"turtlesim3.sim3";"1758887944.585999156";"/home/nurshat/ros2_ws/src/ros_tutorials/turtlesim/src/turtle.cpp:update:288"
"Oh no! I hit the wall! (Clamping from [x=3.529368, y=-0.031297])";"30";"turtlesim2.sim2";"1758887944.601339288";"/home/nurshat/ros2_ws/src/ros_tutorials/turtlesim/src/turtle.cpp:update:288"
"Oh no! I hit the wall! (Clamping from [x=3.536039, y=-0.031297])";"30";"turtlesim3.sim3";"1758887944.601342927";"/home/nurshat/ros2_ws/src/ros_tutorials/turtlesim/src/turtle.cpp:update:288"
"Oh no! I hit the wall! (Clamping from [x=3.522696, y=-0.031297])";"30";"turtlesim1.sim1";"1758887944.601382548";"/home/nurshat/ros2_ws/src/ros_tutorials/turtlesim/src/turtle.cpp:update:288"
"Oh no! I hit the wall! (Clamping from [x=3.529368, y=-0.031297])";"30";"turtlesim3.sim3";"1758887944.617798045";"/home/nurshat/ros2_ws/src/ros_tutorials/turtlesim/src/turtle.cpp:update:288"
"Oh no! I hit the wall! (Clamping from [x=3.522696, y=-0.031297])";"30";"turtlesim2.sim2";"1758887944.617830586";"/home/nurshat/ros2_ws/src/ros_tutorials/turtlesim/src/turtle.cpp:update:288"
"Oh no! I hit the wall! (Clamping from [x=3.516025, y=-0.031297])";"30";"turtlesim1.sim1";"1758887944.617847567";"/home/nurshat/ros2_ws/src/ros_tutorials/turtlesim/src/turtle.cpp:update:288"
"Oh no! I hit the wall! (Clamping from [x=3.516025, y=-0.031297])";"30";"turtlesim2.sim2";"1758887944.633197844";"/home/nurshat/ros2_ws/src/ros_tutorials/turtlesim/src/turtle.cpp:update:288"
"Oh no! I hit the wall! (Clamping from [x=3.522696, y=-0.031297])";"30";"turtlesim3.sim3";"1758887944.633197857";"/home/nurshat/ros2_ws/src/ros_tutorials/turtlesim/src/turtle.cpp:update:288"
"Oh no! I hit the wall! (Clamping from [x=3.509354, y=-0.031297])";"30";"turtlesim1.sim1";"1758887944.633794208";"/home/nurshat/ros2_ws/src/ros_tutorials/turtlesim/src/turtle.cpp:update:288"
"Oh no! I hit the wall! (Clamping from [x=3.509354, y=-0.031297])";"30";"turtlesim2.sim2";"1758887944.649553690";"/home/nurshat/ros2_ws/src/ros_tutorials/turtlesim/src/turtle.cpp:update:288"
"Oh no! I hit the wall! (Clamping from [x=3.516025, y=-0.031297])";"30";"turtlesim3.sim3";"1758887944.649553693";"/home/nurshat/ros2_ws/src/ros_tutorials/turtlesim/src/turtle.cpp:update:288"
"Oh no! I hit the wall! (Clamping from [x=3.502682, y=-0.031297])";"30";"turtlesim1.sim1";"1758887944.650318137";"/home/nurshat/ros2_ws/src/ros_tutorials/turtlesim/src/turtle.cpp:update:288"
"Oh no! I hit the wall! (Clamping from [x=3.496011, y=-0.031297])";"30";"turtlesim1.sim1";"1758887944.665576176";"/home/nurshat/ros2_ws/src/ros_tutorials/turtlesim/src/turtle.cpp:update:288"
"Oh no! I hit the wall! (Clamping from [x=3.509354, y=-0.031297])";"30";"turtlesim3.sim3";"1758887944.665927254";"/home/nurshat/ros2_ws/src/ros_tutorials/turtlesim/src/turtle.cpp:update:288"
"Oh no! I hit the wall! (Clamping from [x=3.502682, y=-0.031297])";"30";"turtlesim2.sim2";"1758887944.665927346";"/home/nurshat/ros2_ws/src/ros_tutorials/turtlesim/src/turtle.cpp:update:288"
"Oh no! I hit the wall! (Clamping from [x=3.496011, y=-0.031297])";"30";"turtlesim2.sim2";"1758887944.681437624";"/home/nurshat/ros2_ws/src/ros_tutorials/turtlesim/src/turtle.cpp:update:288"
"Oh no! I hit the wall! (Clamping from [x=3.502682, y=-0.031297])";"30";"turtlesim3.sim3";"1758887944.681437704";"/home/nurshat/ros2_ws/src/ros_tutorials/turtlesim/src/turtle.cpp:update:288"
"Oh no! I hit the wall! (Clamping from [x=3.489340, y=-0.031297])";"30";"turtlesim1.sim1";"1758887944.681965903";"/home/nurshat/ros2_ws/src/ros_tutorials/turtlesim/src/turtle.cpp:update:288"
"Oh no! I hit the wall! (Clamping from [x=3.455983, y=-0.031297])";"30";"turtlesim1.sim1";"1758887944.761368861";"/home/nurshat/ros2_ws/src/ros_tutorials/turtlesim/src/turtle.cpp:update:288"
"Oh no! I hit the wall! (Clamping from [x=3.462655, y=-0.031297])";"30";"turtlesim3.sim3";"1758887944.777616920";"/home/nurshat/ros2_ws/src/ros_tutorials/turtlesim/src/turtle.cpp:update:288"
"Oh no! I hit the wall! (Clamping from [x=3.455983, y=-0.031297])";"30";"turtlesim2.sim2";"1758887944.777616968";"/home/nurshat/ros2_ws/src/ros_tutorials/turtlesim/src/turtle.cpp:update:288"
"Oh no! I hit the wall! (Clamping from [x=3.449312, y=-0.031297])";"30";"turtlesim1.sim1";"1758887944.777635545";"/home/nurshat/ros2_ws/src/ros_tutorials/turtlesim/src/turtle.cpp:update:288"
"Oh no! I hit the wall! (Clamping from [x=3.455983, y=-0.031297])";"30";"turtlesim3.sim3";"1758887944.793835115";"/home/nurshat/ros2_ws/src/ros_tutorials/turtlesim/src/turtle.cpp:update:288"
"Oh no! I hit the wall! (Clamping from [x=3.449312, y=-0.031297])";"30";"turtlesim2.sim2";"1758887944.793836544";"/home/nurshat/ros2_ws/src/ros_tutorials/turtlesim/src/turtle.cpp:update:288"
"Oh no! I hit the wall! (Clamping from [x=3.442641, y=-0.031297])";"30";"turtlesim1.sim1";"1758887944.793916742";"/home/nurshat/ros2_ws/src/ros_tutorials/turtlesim/src/turtle.cpp:update:288"
"Oh no! I hit the wall! (Clamping from [x=3.449312, y=-0.031297])";"30";"turtlesim3.sim3";"1758887944.809206875";"/home/nurshat/ros2_ws/src/ros_tutorials/turtlesim/src/turtle.cpp:update:288"
"Oh no! I hit the wall! (Clamping from [x=3.442641, y=-0.031297])";"30";"turtlesim2.sim2";"1758887944.809238351";"/home/nurshat/ros2_ws/src/ros_tutorials/turtlesim/src/turtle.cpp:update:288"
"Oh no! I hit the wall! (Clamping from [x=3.435970, y=-0.031297])";"30";"turtlesim1.sim1";"1758887944.809341664";"/home/nurshat/ros2_ws/src/ros_tutorials/turtlesim/src/turtle.cpp:update:288"
"Oh no! I hit the wall! (Clamping from [x=3.442641, y=-0.031297])";"30";"turtlesim3.sim3";"1758887944.825796552";"/home/nurshat/ros2_ws/src/ros_tutorials/turtlesim/src/turtle.cpp:update:288"
"Oh no! I hit the wall! (Clamping from [x=3.435970, y=-0.031297])";"30";"turtlesim2.sim2";"1758887944.825796554";"/home/nurshat/ros2_ws/src/ros_tutorials/turtlesim/src/turtle.cpp:update:288"
"Oh no! I hit the wall! (Clamping from [x=3.429298, y=-0.031297])";"30";"turtlesim1.sim1";"1758887944.825839903";"/home/nurshat/ros2_ws/src/ros_tutorials/turtlesim/src/turtle.cpp:update:288"
"Oh no! I hit the wall! (Clamping from [x=3.429298, y=-0.031297])";"30";"turtlesim2.sim2";"1758887944.842105816";"/home/nurshat/ros2_ws/src/ros_tutorials/turtlesim/src/turtle.cpp:update:288"
"Oh no! I hit the wall! (Clamping from [x=3.435970, y=-0.031297])";"30";"turtlesim3.sim3";"1758887944.842106063";"/home/nurshat/ros2_ws/src/ros_tutorials/turtlesim/src/turtle.cpp:update:288"
"Oh no! I hit the wall! (Clamping from [x=3.422627, y=-0.031297])";"30";"turtlesim1.sim1";"1758887944.842123264";"/home/nurshat/ros2_ws/src/ros_tutorials/turtlesim/src/turtle.cpp:update:288"
"Oh no! I hit the wall! (Clamping from [x=3.422627, y=-0.031297])";"30";"turtlesim2.sim2";"1758887944.857377147";"/home/nurshat/ros2_ws/src/ros_tutorials/turtlesim/src/turtle.cpp:update:288"
"Oh no! I hit the wall! (Clamping from [x=3.429298, y=-0.031297])";"30";"turtlesim3.sim3";"1758887944.858548016";"/home/nurshat/ros2_ws/src/ros_tutorials/turtlesim/src/turtle.cpp:update:288"
"Oh no! I hit the wall! (Clamping from [x=3.415956, y=-0.031297])";"30";"turtlesim1.sim1";"1758887944.858712860";"/home/nurshat/ros2_ws/src/ros_tutorials/turtlesim/src/turtle.cpp:update:288"
"Oh no! I hit the wall! (Clamping from [x=3.409284, y=-0.031297])";"30";"turtlesim1.sim1";"1758887944.873828853";"/home/nurshat/ros2_ws/src/ros_tutorials/turtlesim/src/turtle.cpp:update:288"
"Oh no! I hit the wall! (Clamping from [x=3.422627, y=-0.031297])";"30";"turtlesim3.sim3";"1758887944.873889695";"/home/nurshat/ros2_ws/src/ros_tutorials/turtlesim/src/turtle.cpp:update:288"
"Oh no! I hit the wall! (Clamping from [x=3.415956, y=-0.031297])";"30";"turtlesim2.sim2";"1758887944.873889779";"/home/nurshat/ros2_ws/src/ros_tutorials/turtlesim/src/turtle.cpp:update:288"
"Oh no! I hit the wall! (Clamping from [x=3.415956, y=-0.031297])";"30";"turtlesim3.sim3";"1758887944.890446135";"/home/nurshat/ros2_ws/src/ros_tutorials/turtlesim/src/turtle.cpp:update:288"
"Oh no! I hit the wall! (Clamping from [x=3.409284, y=-0.031297])";"30";"turtlesim2.sim2";"1758887944.890473515";"/home/nurshat/ros2_ws/src/ros_tutorials/turtlesim/src/turtle.cpp:update:288"
"Oh no! I hit the wall! (Clamping from [x=3.402613, y=-0.031297])";"30";"turtlesim1.sim1";"1758887944.890506129";"/home/nurshat/ros2_ws/src/ros_tutorials/turtlesim/src/turtle.cpp:update:288"
"Oh no! I hit the wall! (Clamping from [x=3.402613, y=-0.031297])";"30";"turtlesim2.sim2";"1758887944.905845367";"/home/nurshat/ros2_ws/src/ros_tutorials/turtlesim/src/turtle.cpp:update:288"
"Oh no! I hit the wall! (Clamping from [x=3.409284, y=-0.031297])";"30";"turtlesim3.sim3";"1758887944.905845431";"/home/nurshat/ros2_ws/src/ros_tutorials/turtlesim/src/turtle.cpp:update:288"
"Oh no! I hit the wall! (Clamping from [x=3.395942, y=-0.031297])";"30";"turtlesim1.sim1";"1758887944.905859662";"/home/nurshat/ros2_ws/src/ros_tutorials/turtlesim/src/turtle.cpp:update:288"
"Oh no! I hit the wall! (Clamping from [x=3.395942, y=-0.031297])";"30";"turtlesim2.sim2";"1758887944.922029339";"/home/nurshat/ros2_ws/src/ros_tutorials/turtlesim/src/turtle.cpp:update:288"
"Oh no! I hit the wall! (Clamping from [x=3.402613, y=-0.031297])";"30";"turtlesim3.sim3";"1758887944.922035870";"/home/nurshat/ros2_ws/src/ros_tutorials/turtlesim/src/turtle.cpp:update:288"
"Oh no! I hit the wall! (Clamping from [x=3.389270, y=-0.031297])";"30";"turtlesim1.sim1";"1758887944.922054709";"/home/nurshat/ros2_ws/src/ros_tutorials/turtlesim/src/turtle.cpp:update:288"
"Oh no! I hit the wall! (Clamping from [x=3.382599, y=-0.031297])";"30";"turtlesim1.sim1";"1758887944.938460448";"/home/nurshat/ros2_ws/src/ros_tutorials/turtlesim/src/turtle.cpp:update:288"
"Oh no! I hit the wall! (Clamping from [x=3.395942, y=-0.031297])";"30";"turtlesim3.sim3";"1758887944.938502275";"/home/nurshat/ros2_ws/src/ros_tutorials/turtlesim/src/turtle.cpp:update:288"
"Oh no! I hit the wall! (Clamping from [x=3.389270, y=-0.031297])";"30";"turtlesim2.sim2";"1758887944.938515975";"/home/nurshat/ros2_ws/src/ros_tutorials/turtlesim/src/turtle.cpp:update:288"
"Oh no! I hit the wall! (Clamping from [x=3.389270, y=-0.031297])";"30";"turtlesim3.sim3";"1758887944.953251964";"/home/nurshat/ros2_ws/src/ros_tutorials/turtlesim/src/turtle.cpp:update:288"
"Oh no! I hit the wall! (Clamping from [x=3.382599, y=-0.031297])";"30";"turtlesim2.sim2";"1758887944.953252177";"/home/nurshat/ros2_ws/src/ros_tutorials/turtlesim/src/turtle.cpp:update:288"
"Oh no! I hit the wall! (Clamping from [x=3.375928, y=-0.031297])";"30";"turtlesim1.sim1";"1758887944.954209185";"/home/nurshat/ros2_ws/src/ros_tutorials/turtlesim/src/turtle.cpp:update:288"
"Oh no! I hit the wall! (Clamping from [x=3.369257, y=-0.031297])";"30";"turtlesim1.sim1";"1758887944.969471993";"/home/nurshat/ros2_ws/src/ros_tutorials/turtlesim/src/turtle.cpp:update:288"
"Oh no! I hit the wall! (Clamping from [x=3.382599, y=-0.031297])";"30";"turtlesim3.sim3";"1758887944.969964159";"/home/nurshat/ros2_ws/src/ros_tutorials/turtlesim/src/turtle.cpp:update:288"
"Oh no! I hit the wall! (Clamping from [x=3.375928, y=-0.031297])";"30";"turtlesim2.sim2";"1758887944.969964215";"/home/nurshat/ros2_ws/src/ros_tutorials/turtlesim/src/turtle.cpp:update:288"
"Oh no! I hit the wall! (Clamping from [x=3.369257, y=-0.031297])";"30";"turtlesim2.sim2";"1758887944.985166439";"/home/nurshat/ros2_ws/src/ros_tutorials/turtlesim/src/turtle.cpp:update:288"
"Oh no! I hit the wall! (Clamping from [x=3.375928, y=-0.031297])";"30";"turtlesim3.sim3";"1758887944.985468416";"/home/nurshat/ros2_ws/src/ros_tutorials/turtlesim/src/turtle.cpp:update:288"
"Oh no! I hit the wall! (Clamping from [x=3.362585, y=-0.031297])";"30";"turtlesim1.sim1";"1758887944.986540234";"/home/nurshat/ros2_ws/src/ros_tutorials/turtlesim/src/turtle.cpp:update:288"
"Oh no! I hit the wall! (Clamping from [x=3.355914, y=-0.031297])";"30";"turtlesim1.sim1";"1758887945.001288557";"/home/nurshat/ros2_ws/src/ros_tutorials/turtlesim/src/turtle.cpp:update:288"
"Oh no! I hit the wall! (Clamping from [x=3.362585, y=-0.031297])";"30";"turtlesim2.sim2";"1758887945.001550360";"/home/nurshat/ros2_ws/src/ros_tutorials/turtlesim/src/turtle.cpp:update:288"
"Oh no! I hit the wall! (Clamping from [x=3.369257, y=-0.031297])";"30";"turtlesim3.sim3";"1758887945.002938521";"/home/nurshat/ros2_ws/src/ros_tutorials/turtlesim/src/turtle.cpp:update:288"
"Oh no! I hit the wall! (Clamping from [x=3.362585, y=-0.031297])";"30";"turtlesim3.sim3";"1758887945.017416050";"/home/nurshat/ros2_ws/src/ros_tutorials/turtlesim/src/turtle.cpp:update:288"
"Oh no! I hit the wall! (Clamping from [x=3.349243, y=-0.031297])";"30";"turtlesim1.sim1";"1758887945.018083993";"/home/nurshat/ros2_ws/src/ros_tutorials/turtlesim/src/turtle.cpp:update:288"
"Oh no! I hit the wall! (Clamping from [x=3.355914, y=-0.031297])";"30";"turtlesim2.sim2";"1758887945.019483476";"/home/nurshat/ros2_ws/src/ros_tutorials/turtlesim/src/turtle.cpp:update:288"
"Oh no! I hit the wall! (Clamping from [x=3.355914, y=-0.031297])";"30";"turtlesim3.sim3";"1758887945.033272124";"/home/nurshat/ros2_ws/src/ros_tutorials/turtlesim/src/turtle.cpp:update:288"
"Oh no! I hit the wall! (Clamping from [x=3.349243, y=-0.031297])";"30";"turtlesim2.sim2";"1758887945.033313693";"/home/nurshat/ros2_ws/src/ros_tutorials/turtlesim/src/turtle.cpp:update:288"
"Oh no! I hit the wall! (Clamping from [x=3.342571, y=-0.031297])";"30";"turtlesim1.sim1";"1758887945.034079203";"/home/nurshat/ros2_ws/src/ros_tutorials/turtlesim/src/turtle.cpp:update:288"
"Oh no! I hit the wall! (Clamping from [x=3.342571, y=-0.031297])";"30";"turtlesim2.sim2";"1758887945.049250128";"/home/nurshat/ros2_ws/src/ros_tutorials/turtlesim/src/turtle.cpp:update:288"
"Oh no! I hit the wall! (Clamping from [x=3.335900, y=-0.031297])";"30";"turtlesim1.sim1";"1758887945.049250807";"/home/nurshat/ros2_ws/src/ros_tutorials/turtlesim/src/turtle.cpp:update:288"
"Oh no! I hit the wall! (Clamping from [x=3.349243, y=-0.031297])";"30";"turtlesim3.sim3";"1758887945.050975413";"/home/nurshat/ros2_ws/src/ros_tutorials/turtlesim/src/turtle.cpp:update:288"
"Oh no! I hit the wall! (Clamping from [x=3.342571, y=-0.031297])";"30";"turtlesim3.sim3";"1758887945.065936700";"/home/nurshat/ros2_ws/src/ros_tutorials/turtlesim/src/turtle.cpp:update:288"
"Oh no! I hit the wall! (Clamping from [x=3.329229, y=-0.031297])";"30";"turtlesim1.sim1";"1758887945.066241829";"/home/nurshat/ros2_ws/src/ros_tutorials/turtlesim/src/turtle.cpp:update:288"
"Oh no! I hit the wall! (Clamping from [x=3.335900, y=-0.031297])";"30";"turtlesim2.sim2";"1758887945.067058398";"/home/nurshat/ros2_ws/src/ros_tutorials/turtlesim/src/turtle.cpp:update:288"
"Oh no! I hit the wall! (Clamping from [x=3.329229, y=-0.031297])";"30";"turtlesim2.sim2";"1758887945.081761544";"/home/nurshat/ros2_ws/src/ros_tutorials/turtlesim/src/turtle.cpp:update:288"
"Oh no! I hit the wall! (Clamping from [x=3.322558, y=-0.031297])";"30";"turtlesim1.sim1";"1758887945.081762123";"/home/nurshat/ros2_ws/src/ros_tutorials/turtlesim/src/turtle.cpp:update:288"
"Oh no! I hit the wall! (Clamping from [x=3.335900, y=-0.031297])";"30";"turtlesim3.sim3";"1758887945.082083090";"/home/nurshat/ros2_ws/src/ros_tutorials/turtlesim/src/turtle.cpp:update:288"
"Oh no! I hit the wall! (Clamping from [x=3.322558, y=-0.031297])";"30";"turtlesim2.sim2";"1758887945.097263114";"/home/nurshat/ros2_ws/src/ros_tutorials/turtlesim/src/turtle.cpp:update:288"
"Oh no! I hit the wall! (Clamping from [x=3.329229, y=-0.031297])";"30";"turtlesim3.sim3";"1758887945.097891814";"/home/nurshat/ros2_ws/src/ros_tutorials/turtlesim/src/turtle.cpp:update:288"
"Oh no! I hit the wall! (Clamping from [x=3.322558, y=-0.031297])";"30";"turtlesim3.sim3";"1758887945.113126602";"/home/nurshat/ros2_ws/src/ros_tutorials/turtlesim/src/turtle.cpp:update:288"
